"","Sample_ID","Experiment_ID","Run_ID","Run_date","Sample_Name2","index1","I7_Index_ID","index2","I5_Index_ID","index3","I7_Index_ID2","index4","I5_Index_ID2","description","index_method","rep_method","test_name","test_category","enzyme","sample_nc","temperature","time","site","purification_after_1st_pcr","replicate","index_hopping","index_hopping2"
"E01_T001_S001","S001","E01","RIR-027","2021/06/15","E01_T001_S001",NA,NA,NA,NA,"AACTTTCC","PCR_IPg0001_R","AACTTTCC","PCR_IPg0001_F","P1_Sea_Nagahama_1","1stPCR_indexing","vol_1ul_4rep_tot10ul","1st_vs_2nd_indexing","1st_indexing_Platinum","Platinum","sample",NA,NA,"Sea_Nagahama","none","R01","true_sample","true_sample"
"E01_T001_S002","S002","E01","RIR-027","2021/06/15","E01_T001_S002",NA,NA,NA,NA,"GTATCCTA","PCR_IPg0002_R","GTATCCTA","PCR_IPg0002_F","P1_Sea_Nagahama_2","1stPCR_indexing","vol_1ul_4rep_tot10ul","1st_vs_2nd_indexing","1st_indexing_Platinum","Platinum","sample",NA,NA,"Sea_Nagahama","none","R02","true_sample","true_sample"
"E01_T001_S003","S003","E01","RIR-027","2021/06/15","E01_T001_S003",NA,NA,NA,NA,"AGCGGACG","PCR_IPg0003_R","AGCGGACG","PCR_IPg0003_F","P1_Sea_Nagahama_3","1stPCR_indexing","vol_1ul_4rep_tot10ul","1st_vs_2nd_indexing","1st_indexing_Platinum","Platinum","sample",NA,NA,"Sea_Nagahama","none","R03","true_sample","true_sample"
"E01_T001_S004","S004","E01","RIR-027","2021/06/15","E01_T001_S004",NA,NA,NA,NA,"CTACAACC","PCR_IPg0004_R","CTACAACC","PCR_IPg0004_F","P1_Sea_Nagahama_4","1stPCR_indexing","vol_1ul_4rep_tot10ul","1st_vs_2nd_indexing","1st_indexing_Platinum","Platinum","sample",NA,NA,"Sea_Nagahama","none","R04","true_sample","true_sample"
"E01_T001_S005","S005","E01","RIR-027","2021/06/15","E01_T001_S005",NA,NA,NA,NA,"ATATAAGG","PCR_IPg0005_R","ATATAAGG","PCR_IPg0005_F","P1_Sea_Nagahama_5","1stPCR_indexing","vol_1ul_4rep_tot10ul","1st_vs_2nd_indexing","1st_indexing_Platinum","Platinum","sample",NA,NA,"Sea_Nagahama","none","R05","true_sample","true_sample"
"E01_T001_S006","S006","E01","RIR-027","2021/06/15","E01_T001_S006",NA,NA,NA,NA,"TAAACTGA","PCR_IPg0006_R","TAAACTGA","PCR_IPg0006_F","P1_NC","1stPCR_indexing","vol_1ul_4rep_tot10ul","1st_vs_2nd_indexing","1st_indexing_Platinum","Platinum","nc",NA,NA,"Sea_Nagahama","none","R06","true_sample","true_sample"
"E01_T001_S007","S007","E01","RIR-027","2021/06/15","E01_T001_S007",NA,NA,NA,NA,"GGGGAAAT","PCR_IPg0007_R","GGGGAAAT","PCR_IPg0007_F","P1_Sea_Otomi_1","1stPCR_indexing","vol_1ul_4rep_tot10ul","1st_vs_2nd_indexing","1st_indexing_Platinum","Platinum","sample",NA,NA,"Sea_Otomi","none","R01","true_sample","true_sample"
"E01_T001_S008","S008","E01","RIR-027","2021/06/15","E01_T001_S008",NA,NA,NA,NA,"CTGTGTTC","PCR_IPg0008_R","CTGTGTTC","PCR_IPg0008_F","P1_Sea_Otomi_2","1stPCR_indexing","vol_1ul_4rep_tot10ul","1st_vs_2nd_indexing","1st_indexing_Platinum","Platinum","sample",NA,NA,"Sea_Otomi","none","R02","true_sample","true_sample"
"E01_T001_S009","S009","E01","RIR-027","2021/06/15","E01_T001_S009",NA,NA,NA,NA,"TAGATTTA","PCR_IPg0009_R","TAGATTTA","PCR_IPg0009_F","P1_Sea_Otomi_3","1stPCR_indexing","vol_1ul_4rep_tot10ul","1st_vs_2nd_indexing","1st_indexing_Platinum","Platinum","sample",NA,NA,"Sea_Otomi","none","R03","true_sample","true_sample"
"E01_T001_S010","S010","E01","RIR-027","2021/06/15","E01_T001_S010",NA,NA,NA,NA,"AATGCGTA","PCR_IPg0010_R","AATGCGTA","PCR_IPg0010_F","P1_Sea_Otomi_4","1stPCR_indexing","vol_1ul_4rep_tot10ul","1st_vs_2nd_indexing","1st_indexing_Platinum","Platinum","sample",NA,NA,"Sea_Otomi","none","R04","true_sample","true_sample"
"E01_T001_S011","S011","E01","RIR-027","2021/06/15","E01_T001_S011",NA,NA,NA,NA,"CATAAGCA","PCR_IPg0011_R","CATAAGCA","PCR_IPg0011_F","P1_Sea_Otomi_5","1stPCR_indexing","vol_1ul_4rep_tot10ul","1st_vs_2nd_indexing","1st_indexing_Platinum","Platinum","sample",NA,NA,"Sea_Otomi","none","R05","true_sample","true_sample"
"E01_T001_S012","S012","E01","RIR-027","2021/06/15","E01_T001_S012",NA,NA,NA,NA,"CGTGTTGT","PCR_IPg0012_R","CGTGTTGT","PCR_IPg0012_F","P1_NC","1stPCR_indexing","vol_1ul_4rep_tot10ul","1st_vs_2nd_indexing","1st_indexing_Platinum","Platinum","nc",NA,NA,"Sea_Otomi","none","R06","true_sample","true_sample"
"E01_T001_S013","S013","E01","RIR-027","2021/06/15","E01_T001_S013",NA,NA,NA,NA,"GTCCGTAC","PCR_IPg0013_R","GTCCGTAC","PCR_IPg0013_F","P1_River_Seta_1","1stPCR_indexing","vol_1ul_4rep_tot10ul","1st_vs_2nd_indexing","1st_indexing_Platinum","Platinum","sample",NA,NA,"River_Seta","none","R01","true_sample","true_sample"
"E01_T001_S014","S014","E01","RIR-027","2021/06/15","E01_T001_S014",NA,NA,NA,NA,"GCTACGAA","PCR_IPg0014_R","GCTACGAA","PCR_IPg0014_F","P1_River_Seta_2","1stPCR_indexing","vol_1ul_4rep_tot10ul","1st_vs_2nd_indexing","1st_indexing_Platinum","Platinum","sample",NA,NA,"River_Seta","none","R02","true_sample","true_sample"
"E01_T001_S015","S015","E01","RIR-027","2021/06/15","E01_T001_S015",NA,NA,NA,NA,"ACCCTGGT","PCR_IPg0015_R","ACCCTGGT","PCR_IPg0015_F","P1_River_Seta_3","1stPCR_indexing","vol_1ul_4rep_tot10ul","1st_vs_2nd_indexing","1st_indexing_Platinum","Platinum","sample",NA,NA,"River_Seta","none","R03","true_sample","true_sample"
"E01_T001_S016","S016","E01","RIR-027","2021/06/15","E01_T001_S016",NA,NA,NA,NA,"ACGCCACA","PCR_IPg0016_R","ACGCCACA","PCR_IPg0016_F","P1_River_Seta_4","1stPCR_indexing","vol_1ul_4rep_tot10ul","1st_vs_2nd_indexing","1st_indexing_Platinum","Platinum","sample",NA,NA,"River_Seta","none","R04","true_sample","true_sample"
"E01_T001_S017","S017","E01","RIR-027","2021/06/15","E01_T001_S017",NA,NA,NA,NA,"GCAATGTT","PCR_IPg0017_R","GCAATGTT","PCR_IPg0017_F","P1_River_Seta_5","1stPCR_indexing","vol_1ul_4rep_tot10ul","1st_vs_2nd_indexing","1st_indexing_Platinum","Platinum","sample",NA,NA,"River_Seta","none","R05","true_sample","true_sample"
"E01_T001_S018","S018","E01","RIR-027","2021/06/15","E01_T001_S018",NA,NA,NA,NA,"GGTAGCCC","PCR_IPg0018_R","GGTAGCCC","PCR_IPg0018_F","P1_NC","1stPCR_indexing","vol_1ul_4rep_tot10ul","1st_vs_2nd_indexing","1st_indexing_Platinum","Platinum","nc",NA,NA,"River_Seta","none","R06","true_sample","true_sample"
"E01_T001_S019","S019","E01","RIR-027","2021/06/15","E01_T001_S019",NA,NA,NA,NA,"TGCATCGC","PCR_IPg0019_R","TGCATCGC","PCR_IPg0019_F","P1_STD_Mix_1","1stPCR_indexing","vol_1ul_4rep_tot10ul","1st_vs_2nd_indexing","1st_indexing_Platinum","Platinum","sample",NA,NA,"STD_Mix","none","R01","true_sample","true_sample"
"E01_T001_S020","S020","E01","RIR-027","2021/06/15","E01_T001_S020",NA,NA,NA,NA,"TCGATCGC","PCR_IPg0020_R","TCGATCGC","PCR_IPg0020_F","P1_STD_Mix_2","1stPCR_indexing","vol_1ul_4rep_tot10ul","1st_vs_2nd_indexing","1st_indexing_Platinum","Platinum","sample",NA,NA,"STD_Mix","none","R02","true_sample","true_sample"
"E01_T001_S021","S021","E01","RIR-027","2021/06/15","E01_T001_S021",NA,NA,NA,NA,"ATTTATAG","PCR_IPg0021_R","ATTTATAG","PCR_IPg0021_F","P1_STD_Mix_3","1stPCR_indexing","vol_1ul_4rep_tot10ul","1st_vs_2nd_indexing","1st_indexing_Platinum","Platinum","sample",NA,NA,"STD_Mix","none","R03","true_sample","true_sample"
"E01_T001_S022","S022","E01","RIR-027","2021/06/15","E01_T001_S022",NA,NA,NA,NA,"GACCTACC","PCR_IPg0022_R","GACCTACC","PCR_IPg0022_F","P1_STD_Mix_4","1stPCR_indexing","vol_1ul_4rep_tot10ul","1st_vs_2nd_indexing","1st_indexing_Platinum","Platinum","sample",NA,NA,"STD_Mix","none","R04","true_sample","true_sample"
"E01_T001_S023","S023","E01","RIR-027","2021/06/15","E01_T001_S023",NA,NA,NA,NA,"TGCCGAGC","PCR_IPg0023_R","TGCCGAGC","PCR_IPg0023_F","P1_STD_Mix_5","1stPCR_indexing","vol_1ul_4rep_tot10ul","1st_vs_2nd_indexing","1st_indexing_Platinum","Platinum","sample",NA,NA,"STD_Mix","none","R05","true_sample","true_sample"
"E01_T001_S024","S024","E01","RIR-027","2021/06/15","E01_T001_S024",NA,NA,NA,NA,"GTAAGGCG","PCR_IPg0024_R","GTAAGGCG","PCR_IPg0024_F","P1_NC","1stPCR_indexing","vol_1ul_4rep_tot10ul","1st_vs_2nd_indexing","1st_indexing_Platinum","Platinum","nc",NA,NA,"STD_Mix","none","R06","true_sample","true_sample"
"E01_T002_S001","S025","E01","RIR-027","2021/06/15","E01_T002_S001","AACTTTCC","PCR_IPg0001_R","AACTTTCC","PCR_IPg0001_F",NA,NA,NA,NA,"P2_Sea_Nagahama_1","2ndPCR_indexing","vol_1ul_4rep_tot10ul","1st_vs_2nd_indexing","2nd_indexing_Platinum","Platinum","sample",NA,NA,"Sea_Nagahama","none","R01","true_sample","true_sample"
"E01_T002_S002","S026","E01","RIR-027","2021/06/15","E01_T002_S002","GTATCCTA","PCR_IPg0002_R","GTATCCTA","PCR_IPg0002_F",NA,NA,NA,NA,"P2_Sea_Nagahama_2","2ndPCR_indexing","vol_1ul_4rep_tot10ul","1st_vs_2nd_indexing","2nd_indexing_Platinum","Platinum","sample",NA,NA,"Sea_Nagahama","none","R02","true_sample","true_sample"
"E01_T002_S003","S027","E01","RIR-027","2021/06/15","E01_T002_S003","AGCGGACG","PCR_IPg0003_R","AGCGGACG","PCR_IPg0003_F",NA,NA,NA,NA,"P2_Sea_Nagahama_3","2ndPCR_indexing","vol_1ul_4rep_tot10ul","1st_vs_2nd_indexing","2nd_indexing_Platinum","Platinum","sample",NA,NA,"Sea_Nagahama","none","R03","true_sample","true_sample"
"E01_T002_S004","S028","E01","RIR-027","2021/06/15","E01_T002_S004","CTACAACC","PCR_IPg0004_R","CTACAACC","PCR_IPg0004_F",NA,NA,NA,NA,"P2_Sea_Nagahama_4","2ndPCR_indexing","vol_1ul_4rep_tot10ul","1st_vs_2nd_indexing","2nd_indexing_Platinum","Platinum","sample",NA,NA,"Sea_Nagahama","none","R04","true_sample","true_sample"
"E01_T002_S005","S029","E01","RIR-027","2021/06/15","E01_T002_S005","ATATAAGG","PCR_IPg0005_R","ATATAAGG","PCR_IPg0005_F",NA,NA,NA,NA,"P2_Sea_Nagahama_5","2ndPCR_indexing","vol_1ul_4rep_tot10ul","1st_vs_2nd_indexing","2nd_indexing_Platinum","Platinum","sample",NA,NA,"Sea_Nagahama","none","R05","true_sample","true_sample"
"E01_T002_S006","S030","E01","RIR-027","2021/06/15","E01_T002_S006","TAAACTGA","PCR_IPg0006_R","TAAACTGA","PCR_IPg0006_F",NA,NA,NA,NA,"P2_NC","2ndPCR_indexing","vol_1ul_4rep_tot10ul","1st_vs_2nd_indexing","2nd_indexing_Platinum","Platinum","nc",NA,NA,"Sea_Nagahama","none","R06","true_sample","true_sample"
"E01_T002_S007","S031","E01","RIR-027","2021/06/15","E01_T002_S007","GGGGAAAT","PCR_IPg0007_R","GGGGAAAT","PCR_IPg0007_F",NA,NA,NA,NA,"P2_Sea_Otomi_1","2ndPCR_indexing","vol_1ul_4rep_tot10ul","1st_vs_2nd_indexing","2nd_indexing_Platinum","Platinum","sample",NA,NA,"Sea_Otomi","none","R01","true_sample","true_sample"
"E01_T002_S008","S032","E01","RIR-027","2021/06/15","E01_T002_S008","CTGTGTTC","PCR_IPg0008_R","CTGTGTTC","PCR_IPg0008_F",NA,NA,NA,NA,"P2_Sea_Otomi_2","2ndPCR_indexing","vol_1ul_4rep_tot10ul","1st_vs_2nd_indexing","2nd_indexing_Platinum","Platinum","sample",NA,NA,"Sea_Otomi","none","R02","true_sample","true_sample"
"E01_T002_S009","S033","E01","RIR-027","2021/06/15","E01_T002_S009","TAGATTTA","PCR_IPg0009_R","TAGATTTA","PCR_IPg0009_F",NA,NA,NA,NA,"P2_Sea_Otomi_3","2ndPCR_indexing","vol_1ul_4rep_tot10ul","1st_vs_2nd_indexing","2nd_indexing_Platinum","Platinum","sample",NA,NA,"Sea_Otomi","none","R03","true_sample","true_sample"
"E01_T002_S010","S034","E01","RIR-027","2021/06/15","E01_T002_S010","AATGCGTA","PCR_IPg0010_R","AATGCGTA","PCR_IPg0010_F",NA,NA,NA,NA,"P2_Sea_Otomi_4","2ndPCR_indexing","vol_1ul_4rep_tot10ul","1st_vs_2nd_indexing","2nd_indexing_Platinum","Platinum","sample",NA,NA,"Sea_Otomi","none","R04","true_sample","true_sample"
"E01_T002_S011","S035","E01","RIR-027","2021/06/15","E01_T002_S011","CATAAGCA","PCR_IPg0011_R","CATAAGCA","PCR_IPg0011_F",NA,NA,NA,NA,"P2_Sea_Otomi_5","2ndPCR_indexing","vol_1ul_4rep_tot10ul","1st_vs_2nd_indexing","2nd_indexing_Platinum","Platinum","sample",NA,NA,"Sea_Otomi","none","R05","true_sample","true_sample"
"E01_T002_S012","S036","E01","RIR-027","2021/06/15","E01_T002_S012","CGTGTTGT","PCR_IPg0012_R","CGTGTTGT","PCR_IPg0012_F",NA,NA,NA,NA,"P2_NC","2ndPCR_indexing","vol_1ul_4rep_tot10ul","1st_vs_2nd_indexing","2nd_indexing_Platinum","Platinum","nc",NA,NA,"Sea_Otomi","none","R06","true_sample","true_sample"
"E01_T002_S013","S037","E01","RIR-027","2021/06/15","E01_T002_S013","GTCCGTAC","PCR_IPg0013_R","GTCCGTAC","PCR_IPg0013_F",NA,NA,NA,NA,"P2_River_Seta_1","2ndPCR_indexing","vol_1ul_4rep_tot10ul","1st_vs_2nd_indexing","2nd_indexing_Platinum","Platinum","sample",NA,NA,"River_Seta","none","R01","true_sample","true_sample"
"E01_T002_S014","S038","E01","RIR-027","2021/06/15","E01_T002_S014","GCTACGAA","PCR_IPg0014_R","GCTACGAA","PCR_IPg0014_F",NA,NA,NA,NA,"P2_River_Seta_2","2ndPCR_indexing","vol_1ul_4rep_tot10ul","1st_vs_2nd_indexing","2nd_indexing_Platinum","Platinum","sample",NA,NA,"River_Seta","none","R02","true_sample","true_sample"
"E01_T002_S015","S039","E01","RIR-027","2021/06/15","E01_T002_S015","ACCCTGGT","PCR_IPg0015_R","ACCCTGGT","PCR_IPg0015_F",NA,NA,NA,NA,"P2_River_Seta_3","2ndPCR_indexing","vol_1ul_4rep_tot10ul","1st_vs_2nd_indexing","2nd_indexing_Platinum","Platinum","sample",NA,NA,"River_Seta","none","R03","true_sample","true_sample"
"E01_T002_S016","S040","E01","RIR-027","2021/06/15","E01_T002_S016","ACGCCACA","PCR_IPg0016_R","ACGCCACA","PCR_IPg0016_F",NA,NA,NA,NA,"P2_River_Seta_4","2ndPCR_indexing","vol_1ul_4rep_tot10ul","1st_vs_2nd_indexing","2nd_indexing_Platinum","Platinum","sample",NA,NA,"River_Seta","none","R04","true_sample","true_sample"
"E01_T002_S017","S041","E01","RIR-027","2021/06/15","E01_T002_S017","GCAATGTT","PCR_IPg0017_R","GCAATGTT","PCR_IPg0017_F",NA,NA,NA,NA,"P2_River_Seta_5","2ndPCR_indexing","vol_1ul_4rep_tot10ul","1st_vs_2nd_indexing","2nd_indexing_Platinum","Platinum","sample",NA,NA,"River_Seta","none","R05","true_sample","true_sample"
"E01_T002_S018","S042","E01","RIR-027","2021/06/15","E01_T002_S018","GGTAGCCC","PCR_IPg0018_R","GGTAGCCC","PCR_IPg0018_F",NA,NA,NA,NA,"P2_NC","2ndPCR_indexing","vol_1ul_4rep_tot10ul","1st_vs_2nd_indexing","2nd_indexing_Platinum","Platinum","nc",NA,NA,"River_Seta","none","R06","true_sample","true_sample"
"E01_T002_S019","S043","E01","RIR-027","2021/06/15","E01_T002_S019","TGCATCGC","PCR_IPg0019_R","TGCATCGC","PCR_IPg0019_F",NA,NA,NA,NA,"P2_STD_Mix_1","2ndPCR_indexing","vol_1ul_4rep_tot10ul","1st_vs_2nd_indexing","2nd_indexing_Platinum","Platinum","sample",NA,NA,"STD_Mix","none","R01","true_sample","true_sample"
"E01_T002_S020","S044","E01","RIR-027","2021/06/15","E01_T002_S020","TCGATCGC","PCR_IPg0020_R","TCGATCGC","PCR_IPg0020_F",NA,NA,NA,NA,"P2_STD_Mix_2","2ndPCR_indexing","vol_1ul_4rep_tot10ul","1st_vs_2nd_indexing","2nd_indexing_Platinum","Platinum","sample",NA,NA,"STD_Mix","none","R02","true_sample","true_sample"
"E01_T002_S021","S045","E01","RIR-027","2021/06/15","E01_T002_S021","ATTTATAG","PCR_IPg0021_R","ATTTATAG","PCR_IPg0021_F",NA,NA,NA,NA,"P2_STD_Mix_3","2ndPCR_indexing","vol_1ul_4rep_tot10ul","1st_vs_2nd_indexing","2nd_indexing_Platinum","Platinum","sample",NA,NA,"STD_Mix","none","R03","true_sample","true_sample"
"E01_T002_S022","S046","E01","RIR-027","2021/06/15","E01_T002_S022","GACCTACC","PCR_IPg0022_R","GACCTACC","PCR_IPg0022_F",NA,NA,NA,NA,"P2_STD_Mix_4","2ndPCR_indexing","vol_1ul_4rep_tot10ul","1st_vs_2nd_indexing","2nd_indexing_Platinum","Platinum","sample",NA,NA,"STD_Mix","none","R04","true_sample","true_sample"
"E01_T002_S023","S047","E01","RIR-027","2021/06/15","E01_T002_S023","TGCCGAGC","PCR_IPg0023_R","TGCCGAGC","PCR_IPg0023_F",NA,NA,NA,NA,"P2_STD_Mix_5","2ndPCR_indexing","vol_1ul_4rep_tot10ul","1st_vs_2nd_indexing","2nd_indexing_Platinum","Platinum","sample",NA,NA,"STD_Mix","none","R05","true_sample","true_sample"
"E01_T002_S024","S048","E01","RIR-027","2021/06/15","E01_T002_S024","GTAAGGCG","PCR_IPg0024_R","GTAAGGCG","PCR_IPg0024_F",NA,NA,NA,NA,"P2_NC","2ndPCR_indexing","vol_1ul_4rep_tot10ul","1st_vs_2nd_indexing","2nd_indexing_Platinum","Platinum","nc",NA,NA,"STD_Mix","none","R06","true_sample","true_sample"
"E01_T003_S001","S049","E01","RIR-027","2021/06/15","E01_T003_S001","CTGTATTG","PCR_IPg0025_R","CTGTATTG","PCR_IPg0025_F",NA,NA,NA,NA,"K2_Sea_Nagahama_1","2ndPCR_indexing","vol_1ul_4rep_tot10ul","1st_vs_2nd_indexing","2nd_indexing_KAPA","KAPA","sample",NA,NA,"Sea_Nagahama","none","R01","true_sample","true_sample"
"E01_T003_S002","S050","E01","RIR-027","2021/06/15","E01_T003_S002","TACAGGGG","PCR_IPg0026_R","TACAGGGG","PCR_IPg0026_F",NA,NA,NA,NA,"K2_Sea_Nagahama_2","2ndPCR_indexing","vol_1ul_4rep_tot10ul","1st_vs_2nd_indexing","2nd_indexing_KAPA","KAPA","sample",NA,NA,"Sea_Nagahama","none","R02","true_sample","true_sample"
"E01_T003_S003","S051","E01","RIR-027","2021/06/15","E01_T003_S003","ATTCGTAG","PCR_IPg0027_R","ATTCGTAG","PCR_IPg0027_F",NA,NA,NA,NA,"K2_Sea_Nagahama_3","2ndPCR_indexing","vol_1ul_4rep_tot10ul","1st_vs_2nd_indexing","2nd_indexing_KAPA","KAPA","sample",NA,NA,"Sea_Nagahama","none","R03","true_sample","true_sample"
"E01_T003_S004","S052","E01","RIR-027","2021/06/15","E01_T003_S004","TCACCCGG","PCR_IPg0028_R","TCACCCGG","PCR_IPg0028_F",NA,NA,NA,NA,"K2_Sea_Nagahama_4","2ndPCR_indexing","vol_1ul_4rep_tot10ul","1st_vs_2nd_indexing","2nd_indexing_KAPA","KAPA","sample",NA,NA,"Sea_Nagahama","none","R04","true_sample","true_sample"
"E01_T003_S005","S053","E01","RIR-027","2021/06/15","E01_T003_S005","GTGCAACA","PCR_IPg0029_R","GTGCAACA","PCR_IPg0029_F",NA,NA,NA,NA,"K2_Sea_Nagahama_5","2ndPCR_indexing","vol_1ul_4rep_tot10ul","1st_vs_2nd_indexing","2nd_indexing_KAPA","KAPA","sample",NA,NA,"Sea_Nagahama","none","R05","true_sample","true_sample"
"E01_T003_S006","S054","E01","RIR-027","2021/06/15","E01_T003_S006","CATTGAAT","PCR_IPg0030_R","CATTGAAT","PCR_IPg0030_F",NA,NA,NA,NA,"K2_NC","2ndPCR_indexing","vol_1ul_4rep_tot10ul","1st_vs_2nd_indexing","2nd_indexing_KAPA","KAPA","nc",NA,NA,"Sea_Nagahama","none","R06","true_sample","true_sample"
"E01_T003_S007","S055","E01","RIR-027","2021/06/15","E01_T003_S007","TGGCTTAG","PCR_IPg0031_R","TGGCTTAG","PCR_IPg0031_F",NA,NA,NA,NA,"K2_Sea_Otomi_1","2ndPCR_indexing","vol_1ul_4rep_tot10ul","1st_vs_2nd_indexing","2nd_indexing_KAPA","KAPA","sample",NA,NA,"Sea_Otomi","none","R01","true_sample","true_sample"
"E01_T003_S008","S056","E01","RIR-027","2021/06/15","E01_T003_S008","TGTTGTGC","PCR_IPg0032_R","TGTTGTGC","PCR_IPg0032_F",NA,NA,NA,NA,"K2_Sea_Otomi_2","2ndPCR_indexing","vol_1ul_4rep_tot10ul","1st_vs_2nd_indexing","2nd_indexing_KAPA","KAPA","sample",NA,NA,"Sea_Otomi","none","R02","true_sample","true_sample"
"E01_T003_S009","S057","E01","RIR-027","2021/06/15","E01_T003_S009","ATTGTCCT","PCR_IPg0033_R","ATTGTCCT","PCR_IPg0033_F",NA,NA,NA,NA,"K2_Sea_Otomi_3","2ndPCR_indexing","vol_1ul_4rep_tot10ul","1st_vs_2nd_indexing","2nd_indexing_KAPA","KAPA","sample",NA,NA,"Sea_Otomi","none","R03","true_sample","true_sample"
"E01_T003_S010","S058","E01","RIR-027","2021/06/15","E01_T003_S010","AGAGATGT","PCR_IPg0034_R","AGAGATGT","PCR_IPg0034_F",NA,NA,NA,NA,"K2_Sea_Otomi_4","2ndPCR_indexing","vol_1ul_4rep_tot10ul","1st_vs_2nd_indexing","2nd_indexing_KAPA","KAPA","sample",NA,NA,"Sea_Otomi","none","R04","true_sample","true_sample"
"E01_T003_S011","S059","E01","RIR-027","2021/06/15","E01_T003_S011","CGTTAACC","PCR_IPg0035_R","CGTTAACC","PCR_IPg0035_F",NA,NA,NA,NA,"K2_Sea_Otomi_5","2ndPCR_indexing","vol_1ul_4rep_tot10ul","1st_vs_2nd_indexing","2nd_indexing_KAPA","KAPA","sample",NA,NA,"Sea_Otomi","none","R05","true_sample","true_sample"
"E01_T003_S012","S060","E01","RIR-027","2021/06/15","E01_T003_S012","CGGTGTAT","PCR_IPg0036_R","CGGTGTAT","PCR_IPg0036_F",NA,NA,NA,NA,"K2_NC","2ndPCR_indexing","vol_1ul_4rep_tot10ul","1st_vs_2nd_indexing","2nd_indexing_KAPA","KAPA","nc",NA,NA,"Sea_Otomi","none","R06","true_sample","true_sample"
"E01_T003_S013","S061","E01","RIR-027","2021/06/15","E01_T003_S013","CGCAAGTG","PCR_IPg0037_R","CGCAAGTG","PCR_IPg0037_F",NA,NA,NA,NA,"K2_River_Seta_1","2ndPCR_indexing","vol_1ul_4rep_tot10ul","1st_vs_2nd_indexing","2nd_indexing_KAPA","KAPA","sample",NA,NA,"River_Seta","none","R01","true_sample","true_sample"
"E01_T003_S014","S062","E01","RIR-027","2021/06/15","E01_T003_S014","CAAAGCTG","PCR_IPg0038_R","CAAAGCTG","PCR_IPg0038_F",NA,NA,NA,NA,"K2_River_Seta_2","2ndPCR_indexing","vol_1ul_4rep_tot10ul","1st_vs_2nd_indexing","2nd_indexing_KAPA","KAPA","sample",NA,NA,"River_Seta","none","R02","true_sample","true_sample"
"E01_T003_S015","S063","E01","RIR-027","2021/06/15","E01_T003_S015","GGGTTAAG","PCR_IPg0039_R","GGGTTAAG","PCR_IPg0039_F",NA,NA,NA,NA,"K2_River_Seta_3","2ndPCR_indexing","vol_1ul_4rep_tot10ul","1st_vs_2nd_indexing","2nd_indexing_KAPA","KAPA","sample",NA,NA,"River_Seta","none","R03","true_sample","true_sample"
"E01_T003_S016","S064","E01","RIR-027","2021/06/15","E01_T003_S016","CCCAGACG","PCR_IPg0040_R","CCCAGACG","PCR_IPg0040_F",NA,NA,NA,NA,"K2_River_Seta_4","2ndPCR_indexing","vol_1ul_4rep_tot10ul","1st_vs_2nd_indexing","2nd_indexing_KAPA","KAPA","sample",NA,NA,"River_Seta","none","R04","true_sample","true_sample"
"E01_T003_S017","S065","E01","RIR-027","2021/06/15","E01_T003_S017","ATGGTGAT","PCR_IPg0041_R","ATGGTGAT","PCR_IPg0041_F",NA,NA,NA,NA,"K2_River_Seta_5","2ndPCR_indexing","vol_1ul_4rep_tot10ul","1st_vs_2nd_indexing","2nd_indexing_KAPA","KAPA","sample",NA,NA,"River_Seta","none","R05","true_sample","true_sample"
"E01_T003_S018","S066","E01","RIR-027","2021/06/15","E01_T003_S018","GAACGCAA","PCR_IPg0042_R","GAACGCAA","PCR_IPg0042_F",NA,NA,NA,NA,"K2_NC","2ndPCR_indexing","vol_1ul_4rep_tot10ul","1st_vs_2nd_indexing","2nd_indexing_KAPA","KAPA","nc",NA,NA,"River_Seta","none","R06","true_sample","true_sample"
"E01_T003_S019","S067","E01","RIR-027","2021/06/15","E01_T003_S019","TTCTACAG","PCR_IPg0043_R","TTCTACAG","PCR_IPg0043_F",NA,NA,NA,NA,"K2_STD_Mix_1","2ndPCR_indexing","vol_1ul_4rep_tot10ul","1st_vs_2nd_indexing","2nd_indexing_KAPA","KAPA","sample",NA,NA,"STD_Mix","none","R01","true_sample","true_sample"
"E01_T003_S020","S068","E01","RIR-027","2021/06/15","E01_T003_S020","CAACGAAC","PCR_IPg0044_R","CAACGAAC","PCR_IPg0044_F",NA,NA,NA,NA,"K2_STD_Mix_2","2ndPCR_indexing","vol_1ul_4rep_tot10ul","1st_vs_2nd_indexing","2nd_indexing_KAPA","KAPA","sample",NA,NA,"STD_Mix","none","R02","true_sample","true_sample"
"E01_T003_S021","S069","E01","RIR-027","2021/06/15","E01_T003_S021","AGGACCCC","PCR_IPg0045_R","AGGACCCC","PCR_IPg0045_F",NA,NA,NA,NA,"K2_STD_Mix_3","2ndPCR_indexing","vol_1ul_4rep_tot10ul","1st_vs_2nd_indexing","2nd_indexing_KAPA","KAPA","sample",NA,NA,"STD_Mix","none","R03","true_sample","true_sample"
"E01_T003_S022","S070","E01","RIR-027","2021/06/15","E01_T003_S022","TTACTCAT","PCR_IPg0046_R","TTACTCAT","PCR_IPg0046_F",NA,NA,NA,NA,"K2_STD_Mix_4","2ndPCR_indexing","vol_1ul_4rep_tot10ul","1st_vs_2nd_indexing","2nd_indexing_KAPA","KAPA","sample",NA,NA,"STD_Mix","none","R04","true_sample","true_sample"
"E01_T003_S023","S071","E01","RIR-027","2021/06/15","E01_T003_S023","GCATCAAA","PCR_IPg0047_R","GCATCAAA","PCR_IPg0047_F",NA,NA,NA,NA,"K2_STD_Mix_5","2ndPCR_indexing","vol_1ul_4rep_tot10ul","1st_vs_2nd_indexing","2nd_indexing_KAPA","KAPA","sample",NA,NA,"STD_Mix","none","R05","true_sample","true_sample"
"E01_T003_S024","S072","E01","RIR-027","2021/06/15","E01_T003_S024","ACGCCTAG","PCR_IPg0048_R","ACGCCTAG","PCR_IPg0048_F",NA,NA,NA,NA,"K2_NC","2ndPCR_indexing","vol_1ul_4rep_tot10ul","1st_vs_2nd_indexing","2nd_indexing_KAPA","KAPA","nc",NA,NA,"STD_Mix","none","R06","true_sample","true_sample"
"E02_T001_S001","S073","E02","RIR-036","2021/11/17","E02_T001_S001","AACTTTCC","PCR_IPg0001_R","AACTTTCC","PCR_IPg0001_F","AACTTTCC","PCR_IPg0001_R","AACTTTCC","PCR_IPg0001_F","Exo_005min_4C_S001","1stPCR_indexing","vol_4ul_1rep_tot10ul","ExoSAP_test","Exo_005min_4C","Platinum","sample","on_ice",5,"Sea_Nagahama","ExoSAP","R01","true_sample","true_sample"
"E02_T001_S002","S074","E02","RIR-036","2021/11/17","E02_T001_S002","AACTTTCC","PCR_IPg0001_R","AACTTTCC","PCR_IPg0001_F","AACTTTCC","PCR_IPg0001_R","GTATCCTA","PCR_IPg0002_F","Exo_005min_4C_S002","1stPCR_indexing","vol_4ul_1rep_tot10ul","ExoSAP_test","Exo_005min_4C","Platinum","none","on_ice",5,"Sea_Nagahama","ExoSAP","R02","IH","IH_w_S01"
"E02_T001_S003","S075","E02","RIR-036","2021/11/17","E02_T001_S003","AACTTTCC","PCR_IPg0001_R","AACTTTCC","PCR_IPg0001_F","AACTTTCC","PCR_IPg0001_R","AGCGGACG","PCR_IPg0003_F","Exo_005min_4C_S003","1stPCR_indexing","vol_4ul_1rep_tot10ul","ExoSAP_test","Exo_005min_4C","Platinum","none","on_ice",5,"Sea_Nagahama","ExoSAP","R03","IH","IH_w_S01"
"E02_T001_S004","S076","E02","RIR-036","2021/11/17","E02_T001_S004","AACTTTCC","PCR_IPg0001_R","AACTTTCC","PCR_IPg0001_F","GTATCCTA","PCR_IPg0002_R","AACTTTCC","PCR_IPg0001_F","Exo_005min_4C_S004","1stPCR_indexing","vol_4ul_1rep_tot10ul","ExoSAP_test","Exo_005min_4C","Platinum","none","on_ice",5,"Sea_Nagahama","ExoSAP","R04","IH","IH_w_S01"
"E02_T001_S005","S077","E02","RIR-036","2021/11/17","E02_T001_S005","AACTTTCC","PCR_IPg0001_R","AACTTTCC","PCR_IPg0001_F","GTATCCTA","PCR_IPg0002_R","GTATCCTA","PCR_IPg0002_F","Exo_005min_4C_S005","1stPCR_indexing","vol_4ul_1rep_tot10ul","ExoSAP_test","Exo_005min_4C","Platinum","nc","on_ice",5,"Sea_Nagahama","ExoSAP","R05","true_or_2_hopping","true_or_2_hopping"
"E02_T001_S006","S078","E02","RIR-036","2021/11/17","E02_T001_S006","AACTTTCC","PCR_IPg0001_R","AACTTTCC","PCR_IPg0001_F","GTATCCTA","PCR_IPg0002_R","AGCGGACG","PCR_IPg0003_F","Exo_005min_4C_S006","1stPCR_indexing","vol_4ul_1rep_tot10ul","ExoSAP_test","Exo_005min_4C","Platinum","none","on_ice",5,"Sea_Nagahama","ExoSAP","R06","IH","IH_w_S02_S03"
"E02_T001_S007","S079","E02","RIR-036","2021/11/17","E02_T001_S007","AACTTTCC","PCR_IPg0001_R","AACTTTCC","PCR_IPg0001_F","AGCGGACG","PCR_IPg0003_R","AACTTTCC","PCR_IPg0001_F","Exo_005min_4C_S007","1stPCR_indexing","vol_4ul_1rep_tot10ul","ExoSAP_test","Exo_005min_4C","Platinum","none","on_ice",5,"Sea_Nagahama","ExoSAP","R07","IH","IH_w_S01"
"E02_T001_S008","S080","E02","RIR-036","2021/11/17","E02_T001_S008","AACTTTCC","PCR_IPg0001_R","AACTTTCC","PCR_IPg0001_F","AGCGGACG","PCR_IPg0003_R","GTATCCTA","PCR_IPg0002_F","Exo_005min_4C_S008","1stPCR_indexing","vol_4ul_1rep_tot10ul","ExoSAP_test","Exo_005min_4C","Platinum","none","on_ice",5,"Sea_Nagahama","ExoSAP","R08","IH","IH_w_S02_S03"
"E02_T001_S009","S081","E02","RIR-036","2021/11/17","E02_T001_S009","AACTTTCC","PCR_IPg0001_R","AACTTTCC","PCR_IPg0001_F","AGCGGACG","PCR_IPg0003_R","AGCGGACG","PCR_IPg0003_F","Exo_005min_4C_S009","1stPCR_indexing","vol_4ul_1rep_tot10ul","ExoSAP_test","Exo_005min_4C","Platinum","nc","on_ice",5,"Sea_Nagahama","ExoSAP","R09","true_or_2_hopping","true_or_2_hopping"
"E02_T002_S001","S082","E02","RIR-036","2021/11/17","E02_T002_S001","GTATCCTA","PCR_IPg0002_R","GTATCCTA","PCR_IPg0002_F","AACTTTCC","PCR_IPg0001_R","AACTTTCC","PCR_IPg0001_F","Exo_030min_4C_S001","1stPCR_indexing","vol_4ul_1rep_tot10ul","ExoSAP_test","Exo_030min_4C","Platinum","sample","on_ice",30,"Sea_Nagahama","ExoSAP","R01","true_sample","true_sample"
"E02_T002_S002","S083","E02","RIR-036","2021/11/17","E02_T002_S002","GTATCCTA","PCR_IPg0002_R","GTATCCTA","PCR_IPg0002_F","AACTTTCC","PCR_IPg0001_R","GTATCCTA","PCR_IPg0002_F","Exo_030min_4C_S002","1stPCR_indexing","vol_4ul_1rep_tot10ul","ExoSAP_test","Exo_030min_4C","Platinum","none","on_ice",30,"Sea_Nagahama","ExoSAP","R02","IH","IH_w_S01"
"E02_T002_S003","S084","E02","RIR-036","2021/11/17","E02_T002_S003","GTATCCTA","PCR_IPg0002_R","GTATCCTA","PCR_IPg0002_F","AACTTTCC","PCR_IPg0001_R","AGCGGACG","PCR_IPg0003_F","Exo_030min_4C_S003","1stPCR_indexing","vol_4ul_1rep_tot10ul","ExoSAP_test","Exo_030min_4C","Platinum","none","on_ice",30,"Sea_Nagahama","ExoSAP","R03","IH","IH_w_S01"
"E02_T002_S004","S085","E02","RIR-036","2021/11/17","E02_T002_S004","GTATCCTA","PCR_IPg0002_R","GTATCCTA","PCR_IPg0002_F","GTATCCTA","PCR_IPg0002_R","AACTTTCC","PCR_IPg0001_F","Exo_030min_4C_S004","1stPCR_indexing","vol_4ul_1rep_tot10ul","ExoSAP_test","Exo_030min_4C","Platinum","none","on_ice",30,"Sea_Nagahama","ExoSAP","R04","IH","IH_w_S01"
"E02_T002_S005","S086","E02","RIR-036","2021/11/17","E02_T002_S005","GTATCCTA","PCR_IPg0002_R","GTATCCTA","PCR_IPg0002_F","GTATCCTA","PCR_IPg0002_R","GTATCCTA","PCR_IPg0002_F","Exo_030min_4C_S005","1stPCR_indexing","vol_4ul_1rep_tot10ul","ExoSAP_test","Exo_030min_4C","Platinum","nc","on_ice",30,"Sea_Nagahama","ExoSAP","R05","true_or_2_hopping","true_or_2_hopping"
"E02_T002_S006","S087","E02","RIR-036","2021/11/17","E02_T002_S006","GTATCCTA","PCR_IPg0002_R","GTATCCTA","PCR_IPg0002_F","GTATCCTA","PCR_IPg0002_R","AGCGGACG","PCR_IPg0003_F","Exo_030min_4C_S006","1stPCR_indexing","vol_4ul_1rep_tot10ul","ExoSAP_test","Exo_030min_4C","Platinum","none","on_ice",30,"Sea_Nagahama","ExoSAP","R06","IH","IH_w_S02_S03"
"E02_T002_S007","S088","E02","RIR-036","2021/11/17","E02_T002_S007","GTATCCTA","PCR_IPg0002_R","GTATCCTA","PCR_IPg0002_F","AGCGGACG","PCR_IPg0003_R","AACTTTCC","PCR_IPg0001_F","Exo_030min_4C_S007","1stPCR_indexing","vol_4ul_1rep_tot10ul","ExoSAP_test","Exo_030min_4C","Platinum","none","on_ice",30,"Sea_Nagahama","ExoSAP","R07","IH","IH_w_S01"
"E02_T002_S008","S089","E02","RIR-036","2021/11/17","E02_T002_S008","GTATCCTA","PCR_IPg0002_R","GTATCCTA","PCR_IPg0002_F","AGCGGACG","PCR_IPg0003_R","GTATCCTA","PCR_IPg0002_F","Exo_030min_4C_S008","1stPCR_indexing","vol_4ul_1rep_tot10ul","ExoSAP_test","Exo_030min_4C","Platinum","none","on_ice",30,"Sea_Nagahama","ExoSAP","R08","IH","IH_w_S02_S03"
"E02_T002_S009","S090","E02","RIR-036","2021/11/17","E02_T002_S009","GTATCCTA","PCR_IPg0002_R","GTATCCTA","PCR_IPg0002_F","AGCGGACG","PCR_IPg0003_R","AGCGGACG","PCR_IPg0003_F","Exo_030min_4C_S009","1stPCR_indexing","vol_4ul_1rep_tot10ul","ExoSAP_test","Exo_030min_4C","Platinum","nc","on_ice",30,"Sea_Nagahama","ExoSAP","R09","true_or_2_hopping","true_or_2_hopping"
"E02_T003_S001","S091","E02","RIR-036","2021/11/17","E02_T003_S001","AGCGGACG","PCR_IPg0003_R","AGCGGACG","PCR_IPg0003_F","AACTTTCC","PCR_IPg0001_R","AACTTTCC","PCR_IPg0001_F","Exo_120min_4C_S001","1stPCR_indexing","vol_4ul_1rep_tot10ul","ExoSAP_test","Exo_120min_4C","Platinum","sample","on_ice",120,"Sea_Nagahama","ExoSAP","R01","true_sample","true_sample"
"E02_T003_S002","S092","E02","RIR-036","2021/11/17","E02_T003_S002","AGCGGACG","PCR_IPg0003_R","AGCGGACG","PCR_IPg0003_F","AACTTTCC","PCR_IPg0001_R","GTATCCTA","PCR_IPg0002_F","Exo_120min_4C_S002","1stPCR_indexing","vol_4ul_1rep_tot10ul","ExoSAP_test","Exo_120min_4C","Platinum","none","on_ice",120,"Sea_Nagahama","ExoSAP","R02","IH","IH_w_S01"
"E02_T003_S003","S093","E02","RIR-036","2021/11/17","E02_T003_S003","AGCGGACG","PCR_IPg0003_R","AGCGGACG","PCR_IPg0003_F","AACTTTCC","PCR_IPg0001_R","AGCGGACG","PCR_IPg0003_F","Exo_120min_4C_S003","1stPCR_indexing","vol_4ul_1rep_tot10ul","ExoSAP_test","Exo_120min_4C","Platinum","none","on_ice",120,"Sea_Nagahama","ExoSAP","R03","IH","IH_w_S01"
"E02_T003_S004","S094","E02","RIR-036","2021/11/17","E02_T003_S004","AGCGGACG","PCR_IPg0003_R","AGCGGACG","PCR_IPg0003_F","GTATCCTA","PCR_IPg0002_R","AACTTTCC","PCR_IPg0001_F","Exo_120min_4C_S004","1stPCR_indexing","vol_4ul_1rep_tot10ul","ExoSAP_test","Exo_120min_4C","Platinum","none","on_ice",120,"Sea_Nagahama","ExoSAP","R04","IH","IH_w_S01"
"E02_T003_S005","S095","E02","RIR-036","2021/11/17","E02_T003_S005","AGCGGACG","PCR_IPg0003_R","AGCGGACG","PCR_IPg0003_F","GTATCCTA","PCR_IPg0002_R","GTATCCTA","PCR_IPg0002_F","Exo_120min_4C_S005","1stPCR_indexing","vol_4ul_1rep_tot10ul","ExoSAP_test","Exo_120min_4C","Platinum","nc","on_ice",120,"Sea_Nagahama","ExoSAP","R05","true_or_2_hopping","true_or_2_hopping"
"E02_T003_S006","S096","E02","RIR-036","2021/11/17","E02_T003_S006","AGCGGACG","PCR_IPg0003_R","AGCGGACG","PCR_IPg0003_F","GTATCCTA","PCR_IPg0002_R","AGCGGACG","PCR_IPg0003_F","Exo_120min_4C_S006","1stPCR_indexing","vol_4ul_1rep_tot10ul","ExoSAP_test","Exo_120min_4C","Platinum","none","on_ice",120,"Sea_Nagahama","ExoSAP","R06","IH","IH_w_S02_S03"
"E02_T003_S007","S097","E02","RIR-036","2021/11/17","E02_T003_S007","AGCGGACG","PCR_IPg0003_R","AGCGGACG","PCR_IPg0003_F","AGCGGACG","PCR_IPg0003_R","AACTTTCC","PCR_IPg0001_F","Exo_120min_4C_S007","1stPCR_indexing","vol_4ul_1rep_tot10ul","ExoSAP_test","Exo_120min_4C","Platinum","none","on_ice",120,"Sea_Nagahama","ExoSAP","R07","IH","IH_w_S01"
"E02_T003_S008","S098","E02","RIR-036","2021/11/17","E02_T003_S008","AGCGGACG","PCR_IPg0003_R","AGCGGACG","PCR_IPg0003_F","AGCGGACG","PCR_IPg0003_R","GTATCCTA","PCR_IPg0002_F","Exo_120min_4C_S008","1stPCR_indexing","vol_4ul_1rep_tot10ul","ExoSAP_test","Exo_120min_4C","Platinum","none","on_ice",120,"Sea_Nagahama","ExoSAP","R08","IH","IH_w_S02_S03"
"E02_T003_S009","S099","E02","RIR-036","2021/11/17","E02_T003_S009","AGCGGACG","PCR_IPg0003_R","AGCGGACG","PCR_IPg0003_F","AGCGGACG","PCR_IPg0003_R","AGCGGACG","PCR_IPg0003_F","Exo_120min_4C_S009","1stPCR_indexing","vol_4ul_1rep_tot10ul","ExoSAP_test","Exo_120min_4C","Platinum","nc","on_ice",120,"Sea_Nagahama","ExoSAP","R09","true_or_2_hopping","true_or_2_hopping"
"E02_T004_S001","S100","E02","RIR-036","2021/11/17","E02_T004_S001","CTACAACC","PCR_IPg0004_R","CTACAACC","PCR_IPg0004_F","AACTTTCC","PCR_IPg0001_R","AACTTTCC","PCR_IPg0001_F","NoExo_005min_4C_S001","1stPCR_indexing","vol_4ul_1rep_tot10ul","ExoSAP_test","NoExo_005min_4C","Platinum","sample","on_ice",5,"Sea_Nagahama","none","R01","true_sample","true_sample"
"E02_T004_S002","S101","E02","RIR-036","2021/11/17","E02_T004_S002","CTACAACC","PCR_IPg0004_R","CTACAACC","PCR_IPg0004_F","AACTTTCC","PCR_IPg0001_R","GTATCCTA","PCR_IPg0002_F","NoExo_005min_4C_S002","1stPCR_indexing","vol_4ul_1rep_tot10ul","ExoSAP_test","NoExo_005min_4C","Platinum","none","on_ice",5,"Sea_Nagahama","none","R02","IH","IH_w_S01"
"E02_T004_S003","S102","E02","RIR-036","2021/11/17","E02_T004_S003","CTACAACC","PCR_IPg0004_R","CTACAACC","PCR_IPg0004_F","AACTTTCC","PCR_IPg0001_R","AGCGGACG","PCR_IPg0003_F","NoExo_005min_4C_S003","1stPCR_indexing","vol_4ul_1rep_tot10ul","ExoSAP_test","NoExo_005min_4C","Platinum","none","on_ice",5,"Sea_Nagahama","none","R03","IH","IH_w_S01"
"E02_T004_S004","S103","E02","RIR-036","2021/11/17","E02_T004_S004","CTACAACC","PCR_IPg0004_R","CTACAACC","PCR_IPg0004_F","GTATCCTA","PCR_IPg0002_R","AACTTTCC","PCR_IPg0001_F","NoExo_005min_4C_S004","1stPCR_indexing","vol_4ul_1rep_tot10ul","ExoSAP_test","NoExo_005min_4C","Platinum","none","on_ice",5,"Sea_Nagahama","none","R04","IH","IH_w_S01"
"E02_T004_S005","S104","E02","RIR-036","2021/11/17","E02_T004_S005","CTACAACC","PCR_IPg0004_R","CTACAACC","PCR_IPg0004_F","GTATCCTA","PCR_IPg0002_R","GTATCCTA","PCR_IPg0002_F","NoExo_005min_4C_S005","1stPCR_indexing","vol_4ul_1rep_tot10ul","ExoSAP_test","NoExo_005min_4C","Platinum","nc","on_ice",5,"Sea_Nagahama","none","R05","true_or_2_hopping","true_or_2_hopping"
"E02_T004_S006","S105","E02","RIR-036","2021/11/17","E02_T004_S006","CTACAACC","PCR_IPg0004_R","CTACAACC","PCR_IPg0004_F","GTATCCTA","PCR_IPg0002_R","AGCGGACG","PCR_IPg0003_F","NoExo_005min_4C_S006","1stPCR_indexing","vol_4ul_1rep_tot10ul","ExoSAP_test","NoExo_005min_4C","Platinum","none","on_ice",5,"Sea_Nagahama","none","R06","IH","IH_w_S02_S03"
"E02_T004_S007","S106","E02","RIR-036","2021/11/17","E02_T004_S007","CTACAACC","PCR_IPg0004_R","CTACAACC","PCR_IPg0004_F","AGCGGACG","PCR_IPg0003_R","AACTTTCC","PCR_IPg0001_F","NoExo_005min_4C_S007","1stPCR_indexing","vol_4ul_1rep_tot10ul","ExoSAP_test","NoExo_005min_4C","Platinum","none","on_ice",5,"Sea_Nagahama","none","R07","IH","IH_w_S01"
"E02_T004_S008","S107","E02","RIR-036","2021/11/17","E02_T004_S008","CTACAACC","PCR_IPg0004_R","CTACAACC","PCR_IPg0004_F","AGCGGACG","PCR_IPg0003_R","GTATCCTA","PCR_IPg0002_F","NoExo_005min_4C_S008","1stPCR_indexing","vol_4ul_1rep_tot10ul","ExoSAP_test","NoExo_005min_4C","Platinum","none","on_ice",5,"Sea_Nagahama","none","R08","IH","IH_w_S02_S03"
"E02_T004_S009","S108","E02","RIR-036","2021/11/17","E02_T004_S009","CTACAACC","PCR_IPg0004_R","CTACAACC","PCR_IPg0004_F","AGCGGACG","PCR_IPg0003_R","AGCGGACG","PCR_IPg0003_F","NoExo_005min_4C_S009","1stPCR_indexing","vol_4ul_1rep_tot10ul","ExoSAP_test","NoExo_005min_4C","Platinum","nc","on_ice",5,"Sea_Nagahama","none","R09","true_or_2_hopping","true_or_2_hopping"
"E02_T005_S001","S109","E02","RIR-036","2021/11/17","E02_T005_S001","ATATAAGG","PCR_IPg0005_R","ATATAAGG","PCR_IPg0005_F","AACTTTCC","PCR_IPg0001_R","AACTTTCC","PCR_IPg0001_F","NoExo_030min_4C_S001","1stPCR_indexing","vol_4ul_1rep_tot10ul","ExoSAP_test","NoExo_030min_4C","Platinum","sample","on_ice",30,"Sea_Nagahama","none","R01","true_sample","true_sample"
"E02_T005_S002","S110","E02","RIR-036","2021/11/17","E02_T005_S002","ATATAAGG","PCR_IPg0005_R","ATATAAGG","PCR_IPg0005_F","AACTTTCC","PCR_IPg0001_R","GTATCCTA","PCR_IPg0002_F","NoExo_030min_4C_S002","1stPCR_indexing","vol_4ul_1rep_tot10ul","ExoSAP_test","NoExo_030min_4C","Platinum","none","on_ice",30,"Sea_Nagahama","none","R02","IH","IH_w_S01"
"E02_T005_S003","S111","E02","RIR-036","2021/11/17","E02_T005_S003","ATATAAGG","PCR_IPg0005_R","ATATAAGG","PCR_IPg0005_F","AACTTTCC","PCR_IPg0001_R","AGCGGACG","PCR_IPg0003_F","NoExo_030min_4C_S003","1stPCR_indexing","vol_4ul_1rep_tot10ul","ExoSAP_test","NoExo_030min_4C","Platinum","none","on_ice",30,"Sea_Nagahama","none","R03","IH","IH_w_S01"
"E02_T005_S004","S112","E02","RIR-036","2021/11/17","E02_T005_S004","ATATAAGG","PCR_IPg0005_R","ATATAAGG","PCR_IPg0005_F","GTATCCTA","PCR_IPg0002_R","AACTTTCC","PCR_IPg0001_F","NoExo_030min_4C_S004","1stPCR_indexing","vol_4ul_1rep_tot10ul","ExoSAP_test","NoExo_030min_4C","Platinum","none","on_ice",30,"Sea_Nagahama","none","R04","IH","IH_w_S01"
"E02_T005_S005","S113","E02","RIR-036","2021/11/17","E02_T005_S005","ATATAAGG","PCR_IPg0005_R","ATATAAGG","PCR_IPg0005_F","GTATCCTA","PCR_IPg0002_R","GTATCCTA","PCR_IPg0002_F","NoExo_030min_4C_S005","1stPCR_indexing","vol_4ul_1rep_tot10ul","ExoSAP_test","NoExo_030min_4C","Platinum","nc","on_ice",30,"Sea_Nagahama","none","R05","true_or_2_hopping","true_or_2_hopping"
"E02_T005_S006","S114","E02","RIR-036","2021/11/17","E02_T005_S006","ATATAAGG","PCR_IPg0005_R","ATATAAGG","PCR_IPg0005_F","GTATCCTA","PCR_IPg0002_R","AGCGGACG","PCR_IPg0003_F","NoExo_030min_4C_S006","1stPCR_indexing","vol_4ul_1rep_tot10ul","ExoSAP_test","NoExo_030min_4C","Platinum","none","on_ice",30,"Sea_Nagahama","none","R06","IH","IH_w_S02_S03"
"E02_T005_S007","S115","E02","RIR-036","2021/11/17","E02_T005_S007","ATATAAGG","PCR_IPg0005_R","ATATAAGG","PCR_IPg0005_F","AGCGGACG","PCR_IPg0003_R","AACTTTCC","PCR_IPg0001_F","NoExo_030min_4C_S007","1stPCR_indexing","vol_4ul_1rep_tot10ul","ExoSAP_test","NoExo_030min_4C","Platinum","none","on_ice",30,"Sea_Nagahama","none","R07","IH","IH_w_S01"
"E02_T005_S008","S116","E02","RIR-036","2021/11/17","E02_T005_S008","ATATAAGG","PCR_IPg0005_R","ATATAAGG","PCR_IPg0005_F","AGCGGACG","PCR_IPg0003_R","GTATCCTA","PCR_IPg0002_F","NoExo_030min_4C_S008","1stPCR_indexing","vol_4ul_1rep_tot10ul","ExoSAP_test","NoExo_030min_4C","Platinum","none","on_ice",30,"Sea_Nagahama","none","R08","IH","IH_w_S02_S03"
"E02_T005_S009","S117","E02","RIR-036","2021/11/17","E02_T005_S009","ATATAAGG","PCR_IPg0005_R","ATATAAGG","PCR_IPg0005_F","AGCGGACG","PCR_IPg0003_R","AGCGGACG","PCR_IPg0003_F","NoExo_030min_4C_S009","1stPCR_indexing","vol_4ul_1rep_tot10ul","ExoSAP_test","NoExo_030min_4C","Platinum","nc","on_ice",30,"Sea_Nagahama","none","R09","true_or_2_hopping","true_or_2_hopping"
"E02_T006_S001","S118","E02","RIR-036","2021/11/17","E02_T006_S001","TAAACTGA","PCR_IPg0006_R","TAAACTGA","PCR_IPg0006_F","AACTTTCC","PCR_IPg0001_R","AACTTTCC","PCR_IPg0001_F","NoExo_120min_4C_S001","1stPCR_indexing","vol_4ul_1rep_tot10ul","ExoSAP_test","NoExo_120min_4C","Platinum","sample","on_ice",120,"Sea_Nagahama","none","R01","true_sample","true_sample"
"E02_T006_S002","S119","E02","RIR-036","2021/11/17","E02_T006_S002","TAAACTGA","PCR_IPg0006_R","TAAACTGA","PCR_IPg0006_F","AACTTTCC","PCR_IPg0001_R","GTATCCTA","PCR_IPg0002_F","NoExo_120min_4C_S002","1stPCR_indexing","vol_4ul_1rep_tot10ul","ExoSAP_test","NoExo_120min_4C","Platinum","none","on_ice",120,"Sea_Nagahama","none","R02","IH","IH_w_S01"
"E02_T006_S003","S120","E02","RIR-036","2021/11/17","E02_T006_S003","TAAACTGA","PCR_IPg0006_R","TAAACTGA","PCR_IPg0006_F","AACTTTCC","PCR_IPg0001_R","AGCGGACG","PCR_IPg0003_F","NoExo_120min_4C_S003","1stPCR_indexing","vol_4ul_1rep_tot10ul","ExoSAP_test","NoExo_120min_4C","Platinum","none","on_ice",120,"Sea_Nagahama","none","R03","IH","IH_w_S01"
"E02_T006_S004","S121","E02","RIR-036","2021/11/17","E02_T006_S004","TAAACTGA","PCR_IPg0006_R","TAAACTGA","PCR_IPg0006_F","GTATCCTA","PCR_IPg0002_R","AACTTTCC","PCR_IPg0001_F","NoExo_120min_4C_S004","1stPCR_indexing","vol_4ul_1rep_tot10ul","ExoSAP_test","NoExo_120min_4C","Platinum","none","on_ice",120,"Sea_Nagahama","none","R04","IH","IH_w_S01"
"E02_T006_S005","S122","E02","RIR-036","2021/11/17","E02_T006_S005","TAAACTGA","PCR_IPg0006_R","TAAACTGA","PCR_IPg0006_F","GTATCCTA","PCR_IPg0002_R","GTATCCTA","PCR_IPg0002_F","NoExo_120min_4C_S005","1stPCR_indexing","vol_4ul_1rep_tot10ul","ExoSAP_test","NoExo_120min_4C","Platinum","nc","on_ice",120,"Sea_Nagahama","none","R05","true_or_2_hopping","true_or_2_hopping"
"E02_T006_S006","S123","E02","RIR-036","2021/11/17","E02_T006_S006","TAAACTGA","PCR_IPg0006_R","TAAACTGA","PCR_IPg0006_F","GTATCCTA","PCR_IPg0002_R","AGCGGACG","PCR_IPg0003_F","NoExo_120min_4C_S006","1stPCR_indexing","vol_4ul_1rep_tot10ul","ExoSAP_test","NoExo_120min_4C","Platinum","none","on_ice",120,"Sea_Nagahama","none","R06","IH","IH_w_S02_S03"
"E02_T006_S007","S124","E02","RIR-036","2021/11/17","E02_T006_S007","TAAACTGA","PCR_IPg0006_R","TAAACTGA","PCR_IPg0006_F","AGCGGACG","PCR_IPg0003_R","AACTTTCC","PCR_IPg0001_F","NoExo_120min_4C_S007","1stPCR_indexing","vol_4ul_1rep_tot10ul","ExoSAP_test","NoExo_120min_4C","Platinum","none","on_ice",120,"Sea_Nagahama","none","R07","IH","IH_w_S01"
"E02_T006_S008","S125","E02","RIR-036","2021/11/17","E02_T006_S008","TAAACTGA","PCR_IPg0006_R","TAAACTGA","PCR_IPg0006_F","AGCGGACG","PCR_IPg0003_R","GTATCCTA","PCR_IPg0002_F","NoExo_120min_4C_S008","1stPCR_indexing","vol_4ul_1rep_tot10ul","ExoSAP_test","NoExo_120min_4C","Platinum","none","on_ice",120,"Sea_Nagahama","none","R08","IH","IH_w_S02_S03"
"E02_T006_S009","S126","E02","RIR-036","2021/11/17","E02_T006_S009","TAAACTGA","PCR_IPg0006_R","TAAACTGA","PCR_IPg0006_F","AGCGGACG","PCR_IPg0003_R","AGCGGACG","PCR_IPg0003_F","NoExo_120min_4C_S009","1stPCR_indexing","vol_4ul_1rep_tot10ul","ExoSAP_test","NoExo_120min_4C","Platinum","nc","on_ice",120,"Sea_Nagahama","none","R09","true_or_2_hopping","true_or_2_hopping"
"E02_T007_S001","S127","E02","RIR-036","2021/11/17","E02_T007_S001","GGGGAAAT","PCR_IPg0007_R","GGGGAAAT","PCR_IPg0007_F","AACTTTCC","PCR_IPg0001_R","AACTTTCC","PCR_IPg0001_F","Exo_005min_RT_S001","1stPCR_indexing","vol_4ul_1rep_tot10ul","ExoSAP_test","Exo_005min_RT","Platinum","sample","room_temp",5,"Sea_Nagahama","ExoSAP","R01","true_sample","true_sample"
"E02_T007_S002","S128","E02","RIR-036","2021/11/17","E02_T007_S002","GGGGAAAT","PCR_IPg0007_R","GGGGAAAT","PCR_IPg0007_F","AACTTTCC","PCR_IPg0001_R","GTATCCTA","PCR_IPg0002_F","Exo_005min_RT_S002","1stPCR_indexing","vol_4ul_1rep_tot10ul","ExoSAP_test","Exo_005min_RT","Platinum","none","room_temp",5,"Sea_Nagahama","ExoSAP","R02","IH","IH_w_S01"
"E02_T007_S003","S129","E02","RIR-036","2021/11/17","E02_T007_S003","GGGGAAAT","PCR_IPg0007_R","GGGGAAAT","PCR_IPg0007_F","AACTTTCC","PCR_IPg0001_R","AGCGGACG","PCR_IPg0003_F","Exo_005min_RT_S003","1stPCR_indexing","vol_4ul_1rep_tot10ul","ExoSAP_test","Exo_005min_RT","Platinum","none","room_temp",5,"Sea_Nagahama","ExoSAP","R03","IH","IH_w_S01"
"E02_T007_S004","S130","E02","RIR-036","2021/11/17","E02_T007_S004","GGGGAAAT","PCR_IPg0007_R","GGGGAAAT","PCR_IPg0007_F","GTATCCTA","PCR_IPg0002_R","AACTTTCC","PCR_IPg0001_F","Exo_005min_RT_S004","1stPCR_indexing","vol_4ul_1rep_tot10ul","ExoSAP_test","Exo_005min_RT","Platinum","none","room_temp",5,"Sea_Nagahama","ExoSAP","R04","IH","IH_w_S01"
"E02_T007_S005","S131","E02","RIR-036","2021/11/17","E02_T007_S005","GGGGAAAT","PCR_IPg0007_R","GGGGAAAT","PCR_IPg0007_F","GTATCCTA","PCR_IPg0002_R","GTATCCTA","PCR_IPg0002_F","Exo_005min_RT_S005","1stPCR_indexing","vol_4ul_1rep_tot10ul","ExoSAP_test","Exo_005min_RT","Platinum","nc","room_temp",5,"Sea_Nagahama","ExoSAP","R05","true_or_2_hopping","true_or_2_hopping"
"E02_T007_S006","S132","E02","RIR-036","2021/11/17","E02_T007_S006","GGGGAAAT","PCR_IPg0007_R","GGGGAAAT","PCR_IPg0007_F","GTATCCTA","PCR_IPg0002_R","AGCGGACG","PCR_IPg0003_F","Exo_005min_RT_S006","1stPCR_indexing","vol_4ul_1rep_tot10ul","ExoSAP_test","Exo_005min_RT","Platinum","none","room_temp",5,"Sea_Nagahama","ExoSAP","R06","IH","IH_w_S02_S03"
"E02_T007_S007","S133","E02","RIR-036","2021/11/17","E02_T007_S007","GGGGAAAT","PCR_IPg0007_R","GGGGAAAT","PCR_IPg0007_F","AGCGGACG","PCR_IPg0003_R","AACTTTCC","PCR_IPg0001_F","Exo_005min_RT_S007","1stPCR_indexing","vol_4ul_1rep_tot10ul","ExoSAP_test","Exo_005min_RT","Platinum","none","room_temp",5,"Sea_Nagahama","ExoSAP","R07","IH","IH_w_S01"
"E02_T007_S008","S134","E02","RIR-036","2021/11/17","E02_T007_S008","GGGGAAAT","PCR_IPg0007_R","GGGGAAAT","PCR_IPg0007_F","AGCGGACG","PCR_IPg0003_R","GTATCCTA","PCR_IPg0002_F","Exo_005min_RT_S008","1stPCR_indexing","vol_4ul_1rep_tot10ul","ExoSAP_test","Exo_005min_RT","Platinum","none","room_temp",5,"Sea_Nagahama","ExoSAP","R08","IH","IH_w_S02_S03"
"E02_T007_S009","S135","E02","RIR-036","2021/11/17","E02_T007_S009","GGGGAAAT","PCR_IPg0007_R","GGGGAAAT","PCR_IPg0007_F","AGCGGACG","PCR_IPg0003_R","AGCGGACG","PCR_IPg0003_F","Exo_005min_RT_S009","1stPCR_indexing","vol_4ul_1rep_tot10ul","ExoSAP_test","Exo_005min_RT","Platinum","nc","room_temp",5,"Sea_Nagahama","ExoSAP","R09","true_or_2_hopping","true_or_2_hopping"
"E02_T008_S001","S136","E02","RIR-036","2021/11/17","E02_T008_S001","CTGTGTTC","PCR_IPg0008_R","CTGTGTTC","PCR_IPg0008_F","AACTTTCC","PCR_IPg0001_R","AACTTTCC","PCR_IPg0001_F","Exo_030min_RT_S001","1stPCR_indexing","vol_4ul_1rep_tot10ul","ExoSAP_test","Exo_030min_RT","Platinum","sample","room_temp",30,"Sea_Nagahama","ExoSAP","R01","true_sample","true_sample"
"E02_T008_S002","S137","E02","RIR-036","2021/11/17","E02_T008_S002","CTGTGTTC","PCR_IPg0008_R","CTGTGTTC","PCR_IPg0008_F","AACTTTCC","PCR_IPg0001_R","GTATCCTA","PCR_IPg0002_F","Exo_030min_RT_S002","1stPCR_indexing","vol_4ul_1rep_tot10ul","ExoSAP_test","Exo_030min_RT","Platinum","none","room_temp",30,"Sea_Nagahama","ExoSAP","R02","IH","IH_w_S01"
"E02_T008_S003","S138","E02","RIR-036","2021/11/17","E02_T008_S003","CTGTGTTC","PCR_IPg0008_R","CTGTGTTC","PCR_IPg0008_F","AACTTTCC","PCR_IPg0001_R","AGCGGACG","PCR_IPg0003_F","Exo_030min_RT_S003","1stPCR_indexing","vol_4ul_1rep_tot10ul","ExoSAP_test","Exo_030min_RT","Platinum","none","room_temp",30,"Sea_Nagahama","ExoSAP","R03","IH","IH_w_S01"
"E02_T008_S004","S139","E02","RIR-036","2021/11/17","E02_T008_S004","CTGTGTTC","PCR_IPg0008_R","CTGTGTTC","PCR_IPg0008_F","GTATCCTA","PCR_IPg0002_R","AACTTTCC","PCR_IPg0001_F","Exo_030min_RT_S004","1stPCR_indexing","vol_4ul_1rep_tot10ul","ExoSAP_test","Exo_030min_RT","Platinum","none","room_temp",30,"Sea_Nagahama","ExoSAP","R04","IH","IH_w_S01"
"E02_T008_S005","S140","E02","RIR-036","2021/11/17","E02_T008_S005","CTGTGTTC","PCR_IPg0008_R","CTGTGTTC","PCR_IPg0008_F","GTATCCTA","PCR_IPg0002_R","GTATCCTA","PCR_IPg0002_F","Exo_030min_RT_S005","1stPCR_indexing","vol_4ul_1rep_tot10ul","ExoSAP_test","Exo_030min_RT","Platinum","nc","room_temp",30,"Sea_Nagahama","ExoSAP","R05","true_or_2_hopping","true_or_2_hopping"
"E02_T008_S006","S141","E02","RIR-036","2021/11/17","E02_T008_S006","CTGTGTTC","PCR_IPg0008_R","CTGTGTTC","PCR_IPg0008_F","GTATCCTA","PCR_IPg0002_R","AGCGGACG","PCR_IPg0003_F","Exo_030min_RT_S006","1stPCR_indexing","vol_4ul_1rep_tot10ul","ExoSAP_test","Exo_030min_RT","Platinum","none","room_temp",30,"Sea_Nagahama","ExoSAP","R06","IH","IH_w_S02_S03"
"E02_T008_S007","S142","E02","RIR-036","2021/11/17","E02_T008_S007","CTGTGTTC","PCR_IPg0008_R","CTGTGTTC","PCR_IPg0008_F","AGCGGACG","PCR_IPg0003_R","AACTTTCC","PCR_IPg0001_F","Exo_030min_RT_S007","1stPCR_indexing","vol_4ul_1rep_tot10ul","ExoSAP_test","Exo_030min_RT","Platinum","none","room_temp",30,"Sea_Nagahama","ExoSAP","R07","IH","IH_w_S01"
"E02_T008_S008","S143","E02","RIR-036","2021/11/17","E02_T008_S008","CTGTGTTC","PCR_IPg0008_R","CTGTGTTC","PCR_IPg0008_F","AGCGGACG","PCR_IPg0003_R","GTATCCTA","PCR_IPg0002_F","Exo_030min_RT_S008","1stPCR_indexing","vol_4ul_1rep_tot10ul","ExoSAP_test","Exo_030min_RT","Platinum","none","room_temp",30,"Sea_Nagahama","ExoSAP","R08","IH","IH_w_S02_S03"
"E02_T008_S009","S144","E02","RIR-036","2021/11/17","E02_T008_S009","CTGTGTTC","PCR_IPg0008_R","CTGTGTTC","PCR_IPg0008_F","AGCGGACG","PCR_IPg0003_R","AGCGGACG","PCR_IPg0003_F","Exo_030min_RT_S009","1stPCR_indexing","vol_4ul_1rep_tot10ul","ExoSAP_test","Exo_030min_RT","Platinum","nc","room_temp",30,"Sea_Nagahama","ExoSAP","R09","true_or_2_hopping","true_or_2_hopping"
"E02_T009_S001","S145","E02","RIR-036","2021/11/17","E02_T009_S001","TAGATTTA","PCR_IPg0009_R","TAGATTTA","PCR_IPg0009_F","AACTTTCC","PCR_IPg0001_R","AACTTTCC","PCR_IPg0001_F","Exo_120min_RT_S001","1stPCR_indexing","vol_4ul_1rep_tot10ul","ExoSAP_test","Exo_120min_RT","Platinum","sample","room_temp",120,"Sea_Nagahama","ExoSAP","R01","true_sample","true_sample"
"E02_T009_S002","S146","E02","RIR-036","2021/11/17","E02_T009_S002","TAGATTTA","PCR_IPg0009_R","TAGATTTA","PCR_IPg0009_F","AACTTTCC","PCR_IPg0001_R","GTATCCTA","PCR_IPg0002_F","Exo_120min_RT_S002","1stPCR_indexing","vol_4ul_1rep_tot10ul","ExoSAP_test","Exo_120min_RT","Platinum","none","room_temp",120,"Sea_Nagahama","ExoSAP","R02","IH","IH_w_S01"
"E02_T009_S003","S147","E02","RIR-036","2021/11/17","E02_T009_S003","TAGATTTA","PCR_IPg0009_R","TAGATTTA","PCR_IPg0009_F","AACTTTCC","PCR_IPg0001_R","AGCGGACG","PCR_IPg0003_F","Exo_120min_RT_S003","1stPCR_indexing","vol_4ul_1rep_tot10ul","ExoSAP_test","Exo_120min_RT","Platinum","none","room_temp",120,"Sea_Nagahama","ExoSAP","R03","IH","IH_w_S01"
"E02_T009_S004","S148","E02","RIR-036","2021/11/17","E02_T009_S004","TAGATTTA","PCR_IPg0009_R","TAGATTTA","PCR_IPg0009_F","GTATCCTA","PCR_IPg0002_R","AACTTTCC","PCR_IPg0001_F","Exo_120min_RT_S004","1stPCR_indexing","vol_4ul_1rep_tot10ul","ExoSAP_test","Exo_120min_RT","Platinum","none","room_temp",120,"Sea_Nagahama","ExoSAP","R04","IH","IH_w_S01"
"E02_T009_S005","S149","E02","RIR-036","2021/11/17","E02_T009_S005","TAGATTTA","PCR_IPg0009_R","TAGATTTA","PCR_IPg0009_F","GTATCCTA","PCR_IPg0002_R","GTATCCTA","PCR_IPg0002_F","Exo_120min_RT_S005","1stPCR_indexing","vol_4ul_1rep_tot10ul","ExoSAP_test","Exo_120min_RT","Platinum","nc","room_temp",120,"Sea_Nagahama","ExoSAP","R05","true_or_2_hopping","true_or_2_hopping"
"E02_T009_S006","S150","E02","RIR-036","2021/11/17","E02_T009_S006","TAGATTTA","PCR_IPg0009_R","TAGATTTA","PCR_IPg0009_F","GTATCCTA","PCR_IPg0002_R","AGCGGACG","PCR_IPg0003_F","Exo_120min_RT_S006","1stPCR_indexing","vol_4ul_1rep_tot10ul","ExoSAP_test","Exo_120min_RT","Platinum","none","room_temp",120,"Sea_Nagahama","ExoSAP","R06","IH","IH_w_S02_S03"
"E02_T009_S007","S151","E02","RIR-036","2021/11/17","E02_T009_S007","TAGATTTA","PCR_IPg0009_R","TAGATTTA","PCR_IPg0009_F","AGCGGACG","PCR_IPg0003_R","AACTTTCC","PCR_IPg0001_F","Exo_120min_RT_S007","1stPCR_indexing","vol_4ul_1rep_tot10ul","ExoSAP_test","Exo_120min_RT","Platinum","none","room_temp",120,"Sea_Nagahama","ExoSAP","R07","IH","IH_w_S01"
"E02_T009_S008","S152","E02","RIR-036","2021/11/17","E02_T009_S008","TAGATTTA","PCR_IPg0009_R","TAGATTTA","PCR_IPg0009_F","AGCGGACG","PCR_IPg0003_R","GTATCCTA","PCR_IPg0002_F","Exo_120min_RT_S008","1stPCR_indexing","vol_4ul_1rep_tot10ul","ExoSAP_test","Exo_120min_RT","Platinum","none","room_temp",120,"Sea_Nagahama","ExoSAP","R08","IH","IH_w_S02_S03"
"E02_T009_S009","S153","E02","RIR-036","2021/11/17","E02_T009_S009","TAGATTTA","PCR_IPg0009_R","TAGATTTA","PCR_IPg0009_F","AGCGGACG","PCR_IPg0003_R","AGCGGACG","PCR_IPg0003_F","Exo_120min_RT_S009","1stPCR_indexing","vol_4ul_1rep_tot10ul","ExoSAP_test","Exo_120min_RT","Platinum","nc","room_temp",120,"Sea_Nagahama","ExoSAP","R09","true_or_2_hopping","true_or_2_hopping"
"E02_T010_S001","S154","E02","RIR-036","2021/11/17","E02_T010_S001","AATGCGTA","PCR_IPg0010_R","AATGCGTA","PCR_IPg0010_F","AACTTTCC","PCR_IPg0001_R","AACTTTCC","PCR_IPg0001_F","NoExo_005min_RT_S001","1stPCR_indexing","vol_4ul_1rep_tot10ul","ExoSAP_test","NoExo_005min_RT","Platinum","sample","room_temp",5,"Sea_Nagahama","none","R01","true_sample","true_sample"
"E02_T010_S002","S155","E02","RIR-036","2021/11/17","E02_T010_S002","AATGCGTA","PCR_IPg0010_R","AATGCGTA","PCR_IPg0010_F","AACTTTCC","PCR_IPg0001_R","GTATCCTA","PCR_IPg0002_F","NoExo_005min_RT_S002","1stPCR_indexing","vol_4ul_1rep_tot10ul","ExoSAP_test","NoExo_005min_RT","Platinum","none","room_temp",5,"Sea_Nagahama","none","R02","IH","IH_w_S01"
"E02_T010_S003","S156","E02","RIR-036","2021/11/17","E02_T010_S003","AATGCGTA","PCR_IPg0010_R","AATGCGTA","PCR_IPg0010_F","AACTTTCC","PCR_IPg0001_R","AGCGGACG","PCR_IPg0003_F","NoExo_005min_RT_S003","1stPCR_indexing","vol_4ul_1rep_tot10ul","ExoSAP_test","NoExo_005min_RT","Platinum","none","room_temp",5,"Sea_Nagahama","none","R03","IH","IH_w_S01"
"E02_T010_S004","S157","E02","RIR-036","2021/11/17","E02_T010_S004","AATGCGTA","PCR_IPg0010_R","AATGCGTA","PCR_IPg0010_F","GTATCCTA","PCR_IPg0002_R","AACTTTCC","PCR_IPg0001_F","NoExo_005min_RT_S004","1stPCR_indexing","vol_4ul_1rep_tot10ul","ExoSAP_test","NoExo_005min_RT","Platinum","none","room_temp",5,"Sea_Nagahama","none","R04","IH","IH_w_S01"
"E02_T010_S005","S158","E02","RIR-036","2021/11/17","E02_T010_S005","AATGCGTA","PCR_IPg0010_R","AATGCGTA","PCR_IPg0010_F","GTATCCTA","PCR_IPg0002_R","GTATCCTA","PCR_IPg0002_F","NoExo_005min_RT_S005","1stPCR_indexing","vol_4ul_1rep_tot10ul","ExoSAP_test","NoExo_005min_RT","Platinum","nc","room_temp",5,"Sea_Nagahama","none","R05","true_or_2_hopping","true_or_2_hopping"
"E02_T010_S006","S159","E02","RIR-036","2021/11/17","E02_T010_S006","AATGCGTA","PCR_IPg0010_R","AATGCGTA","PCR_IPg0010_F","GTATCCTA","PCR_IPg0002_R","AGCGGACG","PCR_IPg0003_F","NoExo_005min_RT_S006","1stPCR_indexing","vol_4ul_1rep_tot10ul","ExoSAP_test","NoExo_005min_RT","Platinum","none","room_temp",5,"Sea_Nagahama","none","R06","IH","IH_w_S02_S03"
"E02_T010_S007","S160","E02","RIR-036","2021/11/17","E02_T010_S007","AATGCGTA","PCR_IPg0010_R","AATGCGTA","PCR_IPg0010_F","AGCGGACG","PCR_IPg0003_R","AACTTTCC","PCR_IPg0001_F","NoExo_005min_RT_S007","1stPCR_indexing","vol_4ul_1rep_tot10ul","ExoSAP_test","NoExo_005min_RT","Platinum","none","room_temp",5,"Sea_Nagahama","none","R07","IH","IH_w_S01"
"E02_T010_S008","S161","E02","RIR-036","2021/11/17","E02_T010_S008","AATGCGTA","PCR_IPg0010_R","AATGCGTA","PCR_IPg0010_F","AGCGGACG","PCR_IPg0003_R","GTATCCTA","PCR_IPg0002_F","NoExo_005min_RT_S008","1stPCR_indexing","vol_4ul_1rep_tot10ul","ExoSAP_test","NoExo_005min_RT","Platinum","none","room_temp",5,"Sea_Nagahama","none","R08","IH","IH_w_S02_S03"
"E02_T010_S009","S162","E02","RIR-036","2021/11/17","E02_T010_S009","AATGCGTA","PCR_IPg0010_R","AATGCGTA","PCR_IPg0010_F","AGCGGACG","PCR_IPg0003_R","AGCGGACG","PCR_IPg0003_F","NoExo_005min_RT_S009","1stPCR_indexing","vol_4ul_1rep_tot10ul","ExoSAP_test","NoExo_005min_RT","Platinum","nc","room_temp",5,"Sea_Nagahama","none","R09","true_or_2_hopping","true_or_2_hopping"
"E02_T011_S001","S163","E02","RIR-036","2021/11/17","E02_T011_S001","CATAAGCA","PCR_IPg0011_R","CATAAGCA","PCR_IPg0011_F","AACTTTCC","PCR_IPg0001_R","AACTTTCC","PCR_IPg0001_F","NoExo_030min_RT_S001","1stPCR_indexing","vol_4ul_1rep_tot10ul","ExoSAP_test","NoExo_030min_RT","Platinum","sample","room_temp",30,"Sea_Nagahama","none","R01","true_sample","true_sample"
"E02_T011_S002","S164","E02","RIR-036","2021/11/17","E02_T011_S002","CATAAGCA","PCR_IPg0011_R","CATAAGCA","PCR_IPg0011_F","AACTTTCC","PCR_IPg0001_R","GTATCCTA","PCR_IPg0002_F","NoExo_030min_RT_S002","1stPCR_indexing","vol_4ul_1rep_tot10ul","ExoSAP_test","NoExo_030min_RT","Platinum","none","room_temp",30,"Sea_Nagahama","none","R02","IH","IH_w_S01"
"E02_T011_S003","S165","E02","RIR-036","2021/11/17","E02_T011_S003","CATAAGCA","PCR_IPg0011_R","CATAAGCA","PCR_IPg0011_F","AACTTTCC","PCR_IPg0001_R","AGCGGACG","PCR_IPg0003_F","NoExo_030min_RT_S003","1stPCR_indexing","vol_4ul_1rep_tot10ul","ExoSAP_test","NoExo_030min_RT","Platinum","none","room_temp",30,"Sea_Nagahama","none","R03","IH","IH_w_S01"
"E02_T011_S004","S166","E02","RIR-036","2021/11/17","E02_T011_S004","CATAAGCA","PCR_IPg0011_R","CATAAGCA","PCR_IPg0011_F","GTATCCTA","PCR_IPg0002_R","AACTTTCC","PCR_IPg0001_F","NoExo_030min_RT_S004","1stPCR_indexing","vol_4ul_1rep_tot10ul","ExoSAP_test","NoExo_030min_RT","Platinum","none","room_temp",30,"Sea_Nagahama","none","R04","IH","IH_w_S01"
"E02_T011_S005","S167","E02","RIR-036","2021/11/17","E02_T011_S005","CATAAGCA","PCR_IPg0011_R","CATAAGCA","PCR_IPg0011_F","GTATCCTA","PCR_IPg0002_R","GTATCCTA","PCR_IPg0002_F","NoExo_030min_RT_S005","1stPCR_indexing","vol_4ul_1rep_tot10ul","ExoSAP_test","NoExo_030min_RT","Platinum","nc","room_temp",30,"Sea_Nagahama","none","R05","true_or_2_hopping","true_or_2_hopping"
"E02_T011_S006","S168","E02","RIR-036","2021/11/17","E02_T011_S006","CATAAGCA","PCR_IPg0011_R","CATAAGCA","PCR_IPg0011_F","GTATCCTA","PCR_IPg0002_R","AGCGGACG","PCR_IPg0003_F","NoExo_030min_RT_S006","1stPCR_indexing","vol_4ul_1rep_tot10ul","ExoSAP_test","NoExo_030min_RT","Platinum","none","room_temp",30,"Sea_Nagahama","none","R06","IH","IH_w_S02_S03"
"E02_T011_S007","S169","E02","RIR-036","2021/11/17","E02_T011_S007","CATAAGCA","PCR_IPg0011_R","CATAAGCA","PCR_IPg0011_F","AGCGGACG","PCR_IPg0003_R","AACTTTCC","PCR_IPg0001_F","NoExo_030min_RT_S007","1stPCR_indexing","vol_4ul_1rep_tot10ul","ExoSAP_test","NoExo_030min_RT","Platinum","none","room_temp",30,"Sea_Nagahama","none","R07","IH","IH_w_S01"
"E02_T011_S008","S170","E02","RIR-036","2021/11/17","E02_T011_S008","CATAAGCA","PCR_IPg0011_R","CATAAGCA","PCR_IPg0011_F","AGCGGACG","PCR_IPg0003_R","GTATCCTA","PCR_IPg0002_F","NoExo_030min_RT_S008","1stPCR_indexing","vol_4ul_1rep_tot10ul","ExoSAP_test","NoExo_030min_RT","Platinum","none","room_temp",30,"Sea_Nagahama","none","R08","IH","IH_w_S02_S03"
"E02_T011_S009","S171","E02","RIR-036","2021/11/17","E02_T011_S009","CATAAGCA","PCR_IPg0011_R","CATAAGCA","PCR_IPg0011_F","AGCGGACG","PCR_IPg0003_R","AGCGGACG","PCR_IPg0003_F","NoExo_030min_RT_S009","1stPCR_indexing","vol_4ul_1rep_tot10ul","ExoSAP_test","NoExo_030min_RT","Platinum","nc","room_temp",30,"Sea_Nagahama","none","R09","true_or_2_hopping","true_or_2_hopping"
"E02_T012_S001","S172","E02","RIR-036","2021/11/17","E02_T012_S001","CGTGTTGT","PCR_IPg0012_R","CGTGTTGT","PCR_IPg0012_F","AACTTTCC","PCR_IPg0001_R","AACTTTCC","PCR_IPg0001_F","NoExo_120min_RT_S001","1stPCR_indexing","vol_4ul_1rep_tot10ul","ExoSAP_test","NoExo_120min_RT","Platinum","sample","room_temp",120,"Sea_Nagahama","none","R01","true_sample","true_sample"
"E02_T012_S002","S173","E02","RIR-036","2021/11/17","E02_T012_S002","CGTGTTGT","PCR_IPg0012_R","CGTGTTGT","PCR_IPg0012_F","AACTTTCC","PCR_IPg0001_R","GTATCCTA","PCR_IPg0002_F","NoExo_120min_RT_S002","1stPCR_indexing","vol_4ul_1rep_tot10ul","ExoSAP_test","NoExo_120min_RT","Platinum","none","room_temp",120,"Sea_Nagahama","none","R02","IH","IH_w_S01"
"E02_T012_S003","S174","E02","RIR-036","2021/11/17","E02_T012_S003","CGTGTTGT","PCR_IPg0012_R","CGTGTTGT","PCR_IPg0012_F","AACTTTCC","PCR_IPg0001_R","AGCGGACG","PCR_IPg0003_F","NoExo_120min_RT_S003","1stPCR_indexing","vol_4ul_1rep_tot10ul","ExoSAP_test","NoExo_120min_RT","Platinum","none","room_temp",120,"Sea_Nagahama","none","R03","IH","IH_w_S01"
"E02_T012_S004","S175","E02","RIR-036","2021/11/17","E02_T012_S004","CGTGTTGT","PCR_IPg0012_R","CGTGTTGT","PCR_IPg0012_F","GTATCCTA","PCR_IPg0002_R","AACTTTCC","PCR_IPg0001_F","NoExo_120min_RT_S004","1stPCR_indexing","vol_4ul_1rep_tot10ul","ExoSAP_test","NoExo_120min_RT","Platinum","none","room_temp",120,"Sea_Nagahama","none","R04","IH","IH_w_S01"
"E02_T012_S005","S176","E02","RIR-036","2021/11/17","E02_T012_S005","CGTGTTGT","PCR_IPg0012_R","CGTGTTGT","PCR_IPg0012_F","GTATCCTA","PCR_IPg0002_R","GTATCCTA","PCR_IPg0002_F","NoExo_120min_RT_S005","1stPCR_indexing","vol_4ul_1rep_tot10ul","ExoSAP_test","NoExo_120min_RT","Platinum","nc","room_temp",120,"Sea_Nagahama","none","R05","true_or_2_hopping","true_or_2_hopping"
"E02_T012_S006","S177","E02","RIR-036","2021/11/17","E02_T012_S006","CGTGTTGT","PCR_IPg0012_R","CGTGTTGT","PCR_IPg0012_F","GTATCCTA","PCR_IPg0002_R","AGCGGACG","PCR_IPg0003_F","NoExo_120min_RT_S006","1stPCR_indexing","vol_4ul_1rep_tot10ul","ExoSAP_test","NoExo_120min_RT","Platinum","none","room_temp",120,"Sea_Nagahama","none","R06","IH","IH_w_S02_S03"
"E02_T012_S007","S178","E02","RIR-036","2021/11/17","E02_T012_S007","CGTGTTGT","PCR_IPg0012_R","CGTGTTGT","PCR_IPg0012_F","AGCGGACG","PCR_IPg0003_R","AACTTTCC","PCR_IPg0001_F","NoExo_120min_RT_S007","1stPCR_indexing","vol_4ul_1rep_tot10ul","ExoSAP_test","NoExo_120min_RT","Platinum","none","room_temp",120,"Sea_Nagahama","none","R07","IH","IH_w_S01"
"E02_T012_S008","S179","E02","RIR-036","2021/11/17","E02_T012_S008","CGTGTTGT","PCR_IPg0012_R","CGTGTTGT","PCR_IPg0012_F","AGCGGACG","PCR_IPg0003_R","GTATCCTA","PCR_IPg0002_F","NoExo_120min_RT_S008","1stPCR_indexing","vol_4ul_1rep_tot10ul","ExoSAP_test","NoExo_120min_RT","Platinum","none","room_temp",120,"Sea_Nagahama","none","R08","IH","IH_w_S02_S03"
"E02_T012_S009","S180","E02","RIR-036","2021/11/17","E02_T012_S009","CGTGTTGT","PCR_IPg0012_R","CGTGTTGT","PCR_IPg0012_F","AGCGGACG","PCR_IPg0003_R","AGCGGACG","PCR_IPg0003_F","NoExo_120min_RT_S009","1stPCR_indexing","vol_4ul_1rep_tot10ul","ExoSAP_test","NoExo_120min_RT","Platinum","nc","room_temp",120,"Sea_Nagahama","none","R09","true_or_2_hopping","true_or_2_hopping"
"E03_T001_S001","S181","E03","RIR-031","2021/10/15","E03_T001_S001","ATTGTCCT","PCR_IPG0033_R","ATTGTCCT","PCR_IPG0033_F","AACTTTCC","PCR_IPg0001_R","AACTTTCC","PCR_IPg0001_F","R1_Sea_Nagahama_1","1stPCR_indexing","Rep_1ul_1rep","Replicate_test","1rep","Platinum","sample",NA,NA,"Sea_Nagahama","ExoSAP","R01","true_sample","true_sample"
"E03_T001_S002","S182","E03","RIR-031","2021/10/15","E03_T001_S002","ATTGTCCT","PCR_IPG0033_R","ATTGTCCT","PCR_IPG0033_F","GTATCCTA","PCR_IPg0002_R","GTATCCTA","PCR_IPg0002_F","R1_Sea_Nagahama_2","1stPCR_indexing","Rep_1ul_1rep","Replicate_test","1rep","Platinum","sample",NA,NA,"Sea_Nagahama","ExoSAP","R02","true_sample","true_sample"
"E03_T001_S003","S183","E03","RIR-031","2021/10/15","E03_T001_S003","ATTGTCCT","PCR_IPG0033_R","ATTGTCCT","PCR_IPG0033_F","AGCGGACG","PCR_IPg0003_R","AGCGGACG","PCR_IPg0003_F","R1_Sea_Nagahama_3","1stPCR_indexing","Rep_1ul_1rep","Replicate_test","1rep","Platinum","sample",NA,NA,"Sea_Nagahama","ExoSAP","R03","true_sample","true_sample"
"E03_T001_S004","S184","E03","RIR-031","2021/10/15","E03_T001_S004","ATTGTCCT","PCR_IPG0033_R","ATTGTCCT","PCR_IPG0033_F","CTACAACC","PCR_IPg0004_R","CTACAACC","PCR_IPg0004_F","R1_Sea_Nagahama_4","1stPCR_indexing","Rep_1ul_1rep","Replicate_test","1rep","Platinum","sample",NA,NA,"Sea_Nagahama","ExoSAP","R04","true_sample","true_sample"
"E03_T001_S005","S185","E03","RIR-031","2021/10/15","E03_T001_S005","ATTGTCCT","PCR_IPG0033_R","ATTGTCCT","PCR_IPG0033_F","ATATAAGG","PCR_IPg0005_R","ATATAAGG","PCR_IPg0005_F","R1_Sea_Nagahama_5","1stPCR_indexing","Rep_1ul_1rep","Replicate_test","1rep","Platinum","sample",NA,NA,"Sea_Nagahama","ExoSAP","R05","true_sample","true_sample"
"E03_T001_S006","S186","E03","RIR-031","2021/10/15","E03_T001_S006","ATTGTCCT","PCR_IPG0033_R","ATTGTCCT","PCR_IPG0033_F","TAAACTGA","PCR_IPg0006_R","TAAACTGA","PCR_IPg0006_F","R1_NC","1stPCR_indexing","Rep_1ul_1rep","Replicate_test","1rep","Platinum","nc",NA,NA,"Sea_Nagahama","ExoSAP","R06","true_sample","true_sample"
"E03_T001_S007","S187","E03","RIR-031","2021/10/15","E03_T001_S007","ATTGTCCT","PCR_IPG0033_R","ATTGTCCT","PCR_IPG0033_F","GGGGAAAT","PCR_IPg0007_R","GGGGAAAT","PCR_IPg0007_F","R1_STD_Mix_1","1stPCR_indexing","Rep_1ul_1rep","Replicate_test","1rep","Platinum","sample",NA,NA,"STD_Mix","ExoSAP","R01","true_sample","true_sample"
"E03_T001_S008","S188","E03","RIR-031","2021/10/15","E03_T001_S008","ATTGTCCT","PCR_IPG0033_R","ATTGTCCT","PCR_IPG0033_F","CTGTGTTC","PCR_IPg0008_R","CTGTGTTC","PCR_IPg0008_F","R1_STD_Mix_2","1stPCR_indexing","Rep_1ul_1rep","Replicate_test","1rep","Platinum","sample",NA,NA,"STD_Mix","ExoSAP","R02","true_sample","true_sample"
"E03_T001_S009","S189","E03","RIR-031","2021/10/15","E03_T001_S009","ATTGTCCT","PCR_IPG0033_R","ATTGTCCT","PCR_IPG0033_F","TAGATTTA","PCR_IPg0009_R","TAGATTTA","PCR_IPg0009_F","R1_STD_Mix_3","1stPCR_indexing","Rep_1ul_1rep","Replicate_test","1rep","Platinum","sample",NA,NA,"STD_Mix","ExoSAP","R03","true_sample","true_sample"
"E03_T001_S010","S190","E03","RIR-031","2021/10/15","E03_T001_S010","ATTGTCCT","PCR_IPG0033_R","ATTGTCCT","PCR_IPG0033_F","AATGCGTA","PCR_IPg0010_R","AATGCGTA","PCR_IPg0010_F","R1_STD_Mix_4","1stPCR_indexing","Rep_1ul_1rep","Replicate_test","1rep","Platinum","sample",NA,NA,"STD_Mix","ExoSAP","R04","true_sample","true_sample"
"E03_T001_S011","S191","E03","RIR-031","2021/10/15","E03_T001_S011","ATTGTCCT","PCR_IPG0033_R","ATTGTCCT","PCR_IPG0033_F","CATAAGCA","PCR_IPg0011_R","CATAAGCA","PCR_IPg0011_F","R1_STD_Mix_5","1stPCR_indexing","Rep_1ul_1rep","Replicate_test","1rep","Platinum","sample",NA,NA,"STD_Mix","ExoSAP","R05","true_sample","true_sample"
"E03_T001_S012","S192","E03","RIR-031","2021/10/15","E03_T001_S012","ATTGTCCT","PCR_IPG0033_R","ATTGTCCT","PCR_IPG0033_F","CGTGTTGT","PCR_IPg0012_R","CGTGTTGT","PCR_IPg0012_F","R1_NC","1stPCR_indexing","Rep_1ul_1rep","Replicate_test","1rep","Platinum","nc",NA,NA,"STD_Mix","ExoSAP","R06","true_sample","true_sample"
"E03_T002_S001","S193","E03","RIR-031","2021/10/15","E03_T002_S001","CGCAAGTG","PCR_IPG0037_R","CGCAAGTG","PCR_IPG0037_F","GTCCGTAC","PCR_IPg0013_R","GTCCGTAC","PCR_IPg0013_F","V1_Sea_Nagahama_1","1stPCR_indexing","Vol_1ul_1rep","Volume_test","1ul","Platinum","sample",NA,NA,"Sea_Nagahama","ExoSAP","R01","true_sample","true_sample"
"E03_T002_S002","S194","E03","RIR-031","2021/10/15","E03_T002_S002","CGCAAGTG","PCR_IPG0037_R","CGCAAGTG","PCR_IPG0037_F","GCTACGAA","PCR_IPg0014_R","GCTACGAA","PCR_IPg0014_F","V1_Sea_Nagahama_2","1stPCR_indexing","Vol_1ul_1rep","Volume_test","1ul","Platinum","sample",NA,NA,"Sea_Nagahama","ExoSAP","R02","true_sample","true_sample"
"E03_T002_S003","S195","E03","RIR-031","2021/10/15","E03_T002_S003","CGCAAGTG","PCR_IPG0037_R","CGCAAGTG","PCR_IPG0037_F","ACCCTGGT","PCR_IPg0015_R","ACCCTGGT","PCR_IPg0015_F","V1_Sea_Nagahama_3","1stPCR_indexing","Vol_1ul_1rep","Volume_test","1ul","Platinum","sample",NA,NA,"Sea_Nagahama","ExoSAP","R03","true_sample","true_sample"
"E03_T002_S004","S196","E03","RIR-031","2021/10/15","E03_T002_S004","CGCAAGTG","PCR_IPG0037_R","CGCAAGTG","PCR_IPG0037_F","ACGCCACA","PCR_IPg0016_R","ACGCCACA","PCR_IPg0016_F","V1_Sea_Nagahama_4","1stPCR_indexing","Vol_1ul_1rep","Volume_test","1ul","Platinum","sample",NA,NA,"Sea_Nagahama","ExoSAP","R04","true_sample","true_sample"
"E03_T002_S005","S197","E03","RIR-031","2021/10/15","E03_T002_S005","CGCAAGTG","PCR_IPG0037_R","CGCAAGTG","PCR_IPG0037_F","GCAATGTT","PCR_IPg0017_R","GCAATGTT","PCR_IPg0017_F","V1_Sea_Nagahama_5","1stPCR_indexing","Vol_1ul_1rep","Volume_test","1ul","Platinum","sample",NA,NA,"Sea_Nagahama","ExoSAP","R05","true_sample","true_sample"
"E03_T002_S006","S198","E03","RIR-031","2021/10/15","E03_T002_S006","CGCAAGTG","PCR_IPG0037_R","CGCAAGTG","PCR_IPG0037_F","GGTAGCCC","PCR_IPg0018_R","GGTAGCCC","PCR_IPg0018_F","V1_NC","1stPCR_indexing","Vol_1ul_1rep","Volume_test","1ul","Platinum","nc",NA,NA,"Sea_Nagahama","ExoSAP","R06","true_sample","true_sample"
"E03_T002_S007","S199","E03","RIR-031","2021/10/15","E03_T002_S007","CGCAAGTG","PCR_IPG0037_R","CGCAAGTG","PCR_IPG0037_F","TGCATCGC","PCR_IPg0019_R","TGCATCGC","PCR_IPg0019_F","V1_STD_Mix_1","1stPCR_indexing","Vol_1ul_1rep","Volume_test","1ul","Platinum","sample",NA,NA,"STD_Mix","ExoSAP","R01","true_sample","true_sample"
"E03_T002_S008","S200","E03","RIR-031","2021/10/15","E03_T002_S008","CGCAAGTG","PCR_IPG0037_R","CGCAAGTG","PCR_IPG0037_F","TCGATCGC","PCR_IPg0020_R","TCGATCGC","PCR_IPg0020_F","V1_STD_Mix_2","1stPCR_indexing","Vol_1ul_1rep","Volume_test","1ul","Platinum","sample",NA,NA,"STD_Mix","ExoSAP","R02","true_sample","true_sample"
"E03_T002_S009","S201","E03","RIR-031","2021/10/15","E03_T002_S009","CGCAAGTG","PCR_IPG0037_R","CGCAAGTG","PCR_IPG0037_F","ATTTATAG","PCR_IPg0021_R","ATTTATAG","PCR_IPg0021_F","V1_STD_Mix_3","1stPCR_indexing","Vol_1ul_1rep","Volume_test","1ul","Platinum","sample",NA,NA,"STD_Mix","ExoSAP","R03","true_sample","true_sample"
"E03_T002_S010","S202","E03","RIR-031","2021/10/15","E03_T002_S010","CGCAAGTG","PCR_IPG0037_R","CGCAAGTG","PCR_IPG0037_F","GACCTACC","PCR_IPg0022_R","GACCTACC","PCR_IPg0022_F","V1_STD_Mix_4","1stPCR_indexing","Vol_1ul_1rep","Volume_test","1ul","Platinum","sample",NA,NA,"STD_Mix","ExoSAP","R04","true_sample","true_sample"
"E03_T002_S011","S203","E03","RIR-031","2021/10/15","E03_T002_S011","CGCAAGTG","PCR_IPG0037_R","CGCAAGTG","PCR_IPG0037_F","TGCCGAGC","PCR_IPg0023_R","TGCCGAGC","PCR_IPg0023_F","V1_STD_Mix_5","1stPCR_indexing","Vol_1ul_1rep","Volume_test","1ul","Platinum","sample",NA,NA,"STD_Mix","ExoSAP","R05","true_sample","true_sample"
"E03_T002_S012","S204","E03","RIR-031","2021/10/15","E03_T002_S012","CGCAAGTG","PCR_IPG0037_R","CGCAAGTG","PCR_IPG0037_F","GTAAGGCG","PCR_IPg0024_R","GTAAGGCG","PCR_IPg0024_F","V1_NC","1stPCR_indexing","Vol_1ul_1rep","Volume_test","1ul","Platinum","nc",NA,NA,"STD_Mix","ExoSAP","R06","true_sample","true_sample"
"E03_T003_S001","S205","E03","RIR-031","2021/10/15","E03_T003_S001","AGAGATGT","PCR_IPG0034_R","AGAGATGT","PCR_IPG0034_F","AACTTTCC","PCR_IPg0001_R","AACTTTCC","PCR_IPg0001_F","R2_Sea_Nagahama_1","1stPCR_indexing","Rep_1ul_2rep","Replicate_test","2rep","Platinum","sample",NA,NA,"Sea_Nagahama","ExoSAP","R01","true_sample","true_sample"
"E03_T003_S002","S206","E03","RIR-031","2021/10/15","E03_T003_S002","AGAGATGT","PCR_IPG0034_R","AGAGATGT","PCR_IPG0034_F","GTATCCTA","PCR_IPg0002_R","GTATCCTA","PCR_IPg0002_F","R2_Sea_Nagahama_2","1stPCR_indexing","Rep_1ul_2rep","Replicate_test","2rep","Platinum","sample",NA,NA,"Sea_Nagahama","ExoSAP","R02","true_sample","true_sample"
"E03_T003_S003","S207","E03","RIR-031","2021/10/15","E03_T003_S003","AGAGATGT","PCR_IPG0034_R","AGAGATGT","PCR_IPG0034_F","AGCGGACG","PCR_IPg0003_R","AGCGGACG","PCR_IPg0003_F","R2_Sea_Nagahama_3","1stPCR_indexing","Rep_1ul_2rep","Replicate_test","2rep","Platinum","sample",NA,NA,"Sea_Nagahama","ExoSAP","R03","true_sample","true_sample"
"E03_T003_S004","S208","E03","RIR-031","2021/10/15","E03_T003_S004","AGAGATGT","PCR_IPG0034_R","AGAGATGT","PCR_IPG0034_F","CTACAACC","PCR_IPg0004_R","CTACAACC","PCR_IPg0004_F","R2_Sea_Nagahama_4","1stPCR_indexing","Rep_1ul_2rep","Replicate_test","2rep","Platinum","sample",NA,NA,"Sea_Nagahama","ExoSAP","R04","true_sample","true_sample"
"E03_T003_S005","S209","E03","RIR-031","2021/10/15","E03_T003_S005","AGAGATGT","PCR_IPG0034_R","AGAGATGT","PCR_IPG0034_F","ATATAAGG","PCR_IPg0005_R","ATATAAGG","PCR_IPg0005_F","R2_Sea_Nagahama_5","1stPCR_indexing","Rep_1ul_2rep","Replicate_test","2rep","Platinum","sample",NA,NA,"Sea_Nagahama","ExoSAP","R05","true_sample","true_sample"
"E03_T003_S006","S210","E03","RIR-031","2021/10/15","E03_T003_S006","AGAGATGT","PCR_IPG0034_R","AGAGATGT","PCR_IPG0034_F","TAAACTGA","PCR_IPg0006_R","TAAACTGA","PCR_IPg0006_F","R2_NC","1stPCR_indexing","Rep_1ul_2rep","Replicate_test","2rep","Platinum","nc",NA,NA,"Sea_Nagahama","ExoSAP","R06","true_sample","true_sample"
"E03_T003_S007","S211","E03","RIR-031","2021/10/15","E03_T003_S007","AGAGATGT","PCR_IPG0034_R","AGAGATGT","PCR_IPG0034_F","GGGGAAAT","PCR_IPg0007_R","GGGGAAAT","PCR_IPg0007_F","R2_STD_Mix_1","1stPCR_indexing","Rep_1ul_2rep","Replicate_test","2rep","Platinum","sample",NA,NA,"STD_Mix","ExoSAP","R01","true_sample","true_sample"
"E03_T003_S008","S212","E03","RIR-031","2021/10/15","E03_T003_S008","AGAGATGT","PCR_IPG0034_R","AGAGATGT","PCR_IPG0034_F","CTGTGTTC","PCR_IPg0008_R","CTGTGTTC","PCR_IPg0008_F","R2_STD_Mix_2","1stPCR_indexing","Rep_1ul_2rep","Replicate_test","2rep","Platinum","sample",NA,NA,"STD_Mix","ExoSAP","R02","true_sample","true_sample"
"E03_T003_S009","S213","E03","RIR-031","2021/10/15","E03_T003_S009","AGAGATGT","PCR_IPG0034_R","AGAGATGT","PCR_IPG0034_F","TAGATTTA","PCR_IPg0009_R","TAGATTTA","PCR_IPg0009_F","R2_STD_Mix_3","1stPCR_indexing","Rep_1ul_2rep","Replicate_test","2rep","Platinum","sample",NA,NA,"STD_Mix","ExoSAP","R03","true_sample","true_sample"
"E03_T003_S010","S214","E03","RIR-031","2021/10/15","E03_T003_S010","AGAGATGT","PCR_IPG0034_R","AGAGATGT","PCR_IPG0034_F","AATGCGTA","PCR_IPg0010_R","AATGCGTA","PCR_IPg0010_F","R2_STD_Mix_4","1stPCR_indexing","Rep_1ul_2rep","Replicate_test","2rep","Platinum","sample",NA,NA,"STD_Mix","ExoSAP","R04","true_sample","true_sample"
"E03_T003_S011","S215","E03","RIR-031","2021/10/15","E03_T003_S011","AGAGATGT","PCR_IPG0034_R","AGAGATGT","PCR_IPG0034_F","CATAAGCA","PCR_IPg0011_R","CATAAGCA","PCR_IPg0011_F","R2_STD_Mix_5","1stPCR_indexing","Rep_1ul_2rep","Replicate_test","2rep","Platinum","sample",NA,NA,"STD_Mix","ExoSAP","R05","true_sample","true_sample"
"E03_T003_S012","S216","E03","RIR-031","2021/10/15","E03_T003_S012","AGAGATGT","PCR_IPG0034_R","AGAGATGT","PCR_IPG0034_F","CGTGTTGT","PCR_IPg0012_R","CGTGTTGT","PCR_IPg0012_F","R2_NC","1stPCR_indexing","Rep_1ul_2rep","Replicate_test","2rep","Platinum","nc",NA,NA,"STD_Mix","ExoSAP","R06","true_sample","true_sample"
"E03_T004_S001","S217","E03","RIR-031","2021/10/15","E03_T004_S001","CAAAGCTG","PCR_IPG0038_R","CAAAGCTG","PCR_IPG0038_F","GTCCGTAC","PCR_IPg0013_R","GTCCGTAC","PCR_IPg0013_F","V2_Sea_Nagahama_1","1stPCR_indexing","Vol_2ul_1rep","Volume_test","2ul","Platinum","sample",NA,NA,"Sea_Nagahama","ExoSAP","R01","true_sample","true_sample"
"E03_T004_S002","S218","E03","RIR-031","2021/10/15","E03_T004_S002","CAAAGCTG","PCR_IPG0038_R","CAAAGCTG","PCR_IPG0038_F","GCTACGAA","PCR_IPg0014_R","GCTACGAA","PCR_IPg0014_F","V2_Sea_Nagahama_2","1stPCR_indexing","Vol_2ul_1rep","Volume_test","2ul","Platinum","sample",NA,NA,"Sea_Nagahama","ExoSAP","R02","true_sample","true_sample"
"E03_T004_S003","S219","E03","RIR-031","2021/10/15","E03_T004_S003","CAAAGCTG","PCR_IPG0038_R","CAAAGCTG","PCR_IPG0038_F","ACCCTGGT","PCR_IPg0015_R","ACCCTGGT","PCR_IPg0015_F","V2_Sea_Nagahama_3","1stPCR_indexing","Vol_2ul_1rep","Volume_test","2ul","Platinum","sample",NA,NA,"Sea_Nagahama","ExoSAP","R03","true_sample","true_sample"
"E03_T004_S004","S220","E03","RIR-031","2021/10/15","E03_T004_S004","CAAAGCTG","PCR_IPG0038_R","CAAAGCTG","PCR_IPG0038_F","ACGCCACA","PCR_IPg0016_R","ACGCCACA","PCR_IPg0016_F","V2_Sea_Nagahama_4","1stPCR_indexing","Vol_2ul_1rep","Volume_test","2ul","Platinum","sample",NA,NA,"Sea_Nagahama","ExoSAP","R04","true_sample","true_sample"
"E03_T004_S005","S221","E03","RIR-031","2021/10/15","E03_T004_S005","CAAAGCTG","PCR_IPG0038_R","CAAAGCTG","PCR_IPG0038_F","GCAATGTT","PCR_IPg0017_R","GCAATGTT","PCR_IPg0017_F","V2_Sea_Nagahama_5","1stPCR_indexing","Vol_2ul_1rep","Volume_test","2ul","Platinum","sample",NA,NA,"Sea_Nagahama","ExoSAP","R05","true_sample","true_sample"
"E03_T004_S006","S222","E03","RIR-031","2021/10/15","E03_T004_S006","CAAAGCTG","PCR_IPG0038_R","CAAAGCTG","PCR_IPG0038_F","GGTAGCCC","PCR_IPg0018_R","GGTAGCCC","PCR_IPg0018_F","V2_NC","1stPCR_indexing","Vol_2ul_1rep","Volume_test","2ul","Platinum","nc",NA,NA,"Sea_Nagahama","ExoSAP","R06","true_sample","true_sample"
"E03_T004_S007","S223","E03","RIR-031","2021/10/15","E03_T004_S007","CAAAGCTG","PCR_IPG0038_R","CAAAGCTG","PCR_IPG0038_F","TGCATCGC","PCR_IPg0019_R","TGCATCGC","PCR_IPg0019_F","V2_STD_Mix_1","1stPCR_indexing","Vol_2ul_1rep","Volume_test","2ul","Platinum","sample",NA,NA,"STD_Mix","ExoSAP","R01","true_sample","true_sample"
"E03_T004_S008","S224","E03","RIR-031","2021/10/15","E03_T004_S008","CAAAGCTG","PCR_IPG0038_R","CAAAGCTG","PCR_IPG0038_F","TCGATCGC","PCR_IPg0020_R","TCGATCGC","PCR_IPg0020_F","V2_STD_Mix_2","1stPCR_indexing","Vol_2ul_1rep","Volume_test","2ul","Platinum","sample",NA,NA,"STD_Mix","ExoSAP","R02","true_sample","true_sample"
"E03_T004_S009","S225","E03","RIR-031","2021/10/15","E03_T004_S009","CAAAGCTG","PCR_IPG0038_R","CAAAGCTG","PCR_IPG0038_F","ATTTATAG","PCR_IPg0021_R","ATTTATAG","PCR_IPg0021_F","V2_STD_Mix_3","1stPCR_indexing","Vol_2ul_1rep","Volume_test","2ul","Platinum","sample",NA,NA,"STD_Mix","ExoSAP","R03","true_sample","true_sample"
"E03_T004_S010","S226","E03","RIR-031","2021/10/15","E03_T004_S010","CAAAGCTG","PCR_IPG0038_R","CAAAGCTG","PCR_IPG0038_F","GACCTACC","PCR_IPg0022_R","GACCTACC","PCR_IPg0022_F","V2_STD_Mix_4","1stPCR_indexing","Vol_2ul_1rep","Volume_test","2ul","Platinum","sample",NA,NA,"STD_Mix","ExoSAP","R04","true_sample","true_sample"
"E03_T004_S011","S227","E03","RIR-031","2021/10/15","E03_T004_S011","CAAAGCTG","PCR_IPG0038_R","CAAAGCTG","PCR_IPG0038_F","TGCCGAGC","PCR_IPg0023_R","TGCCGAGC","PCR_IPg0023_F","V2_STD_Mix_5","1stPCR_indexing","Vol_2ul_1rep","Volume_test","2ul","Platinum","sample",NA,NA,"STD_Mix","ExoSAP","R05","true_sample","true_sample"
"E03_T004_S012","S228","E03","RIR-031","2021/10/15","E03_T004_S012","CAAAGCTG","PCR_IPG0038_R","CAAAGCTG","PCR_IPG0038_F","GTAAGGCG","PCR_IPg0024_R","GTAAGGCG","PCR_IPg0024_F","V2_NC","1stPCR_indexing","Vol_2ul_1rep","Volume_test","2ul","Platinum","nc",NA,NA,"STD_Mix","ExoSAP","R06","true_sample","true_sample"
"E03_T005_S001","S229","E03","RIR-031","2021/10/15","E03_T005_S001","CGTTAACC","PCR_IPG0035_R","CGTTAACC","PCR_IPG0035_F","AACTTTCC","PCR_IPg0001_R","AACTTTCC","PCR_IPg0001_F","R4_Sea_Nagahama_1","1stPCR_indexing","Rep_1ul_4rep","Replicate_test","4rep","Platinum","sample",NA,NA,"Sea_Nagahama","ExoSAP","R01","true_sample","true_sample"
"E03_T005_S002","S230","E03","RIR-031","2021/10/15","E03_T005_S002","CGTTAACC","PCR_IPG0035_R","CGTTAACC","PCR_IPG0035_F","GTATCCTA","PCR_IPg0002_R","GTATCCTA","PCR_IPg0002_F","R4_Sea_Nagahama_2","1stPCR_indexing","Rep_1ul_4rep","Replicate_test","4rep","Platinum","sample",NA,NA,"Sea_Nagahama","ExoSAP","R02","true_sample","true_sample"
"E03_T005_S003","S231","E03","RIR-031","2021/10/15","E03_T005_S003","CGTTAACC","PCR_IPG0035_R","CGTTAACC","PCR_IPG0035_F","AGCGGACG","PCR_IPg0003_R","AGCGGACG","PCR_IPg0003_F","R4_Sea_Nagahama_3","1stPCR_indexing","Rep_1ul_4rep","Replicate_test","4rep","Platinum","sample",NA,NA,"Sea_Nagahama","ExoSAP","R03","true_sample","true_sample"
"E03_T005_S004","S232","E03","RIR-031","2021/10/15","E03_T005_S004","CGTTAACC","PCR_IPG0035_R","CGTTAACC","PCR_IPG0035_F","CTACAACC","PCR_IPg0004_R","CTACAACC","PCR_IPg0004_F","R4_Sea_Nagahama_4","1stPCR_indexing","Rep_1ul_4rep","Replicate_test","4rep","Platinum","sample",NA,NA,"Sea_Nagahama","ExoSAP","R04","true_sample","true_sample"
"E03_T005_S005","S233","E03","RIR-031","2021/10/15","E03_T005_S005","CGTTAACC","PCR_IPG0035_R","CGTTAACC","PCR_IPG0035_F","ATATAAGG","PCR_IPg0005_R","ATATAAGG","PCR_IPg0005_F","R4_Sea_Nagahama_5","1stPCR_indexing","Rep_1ul_4rep","Replicate_test","4rep","Platinum","sample",NA,NA,"Sea_Nagahama","ExoSAP","R05","true_sample","true_sample"
"E03_T005_S006","S234","E03","RIR-031","2021/10/15","E03_T005_S006","CGTTAACC","PCR_IPG0035_R","CGTTAACC","PCR_IPG0035_F","TAAACTGA","PCR_IPg0006_R","TAAACTGA","PCR_IPg0006_F","R4_NC","1stPCR_indexing","Rep_1ul_4rep","Replicate_test","4rep","Platinum","nc",NA,NA,"Sea_Nagahama","ExoSAP","R06","true_sample","true_sample"
"E03_T005_S007","S235","E03","RIR-031","2021/10/15","E03_T005_S007","CGTTAACC","PCR_IPG0035_R","CGTTAACC","PCR_IPG0035_F","GGGGAAAT","PCR_IPg0007_R","GGGGAAAT","PCR_IPg0007_F","R4_STD_Mix_1","1stPCR_indexing","Rep_1ul_4rep","Replicate_test","4rep","Platinum","sample",NA,NA,"STD_Mix","ExoSAP","R01","true_sample","true_sample"
"E03_T005_S008","S236","E03","RIR-031","2021/10/15","E03_T005_S008","CGTTAACC","PCR_IPG0035_R","CGTTAACC","PCR_IPG0035_F","CTGTGTTC","PCR_IPg0008_R","CTGTGTTC","PCR_IPg0008_F","R4_STD_Mix_2","1stPCR_indexing","Rep_1ul_4rep","Replicate_test","4rep","Platinum","sample",NA,NA,"STD_Mix","ExoSAP","R02","true_sample","true_sample"
"E03_T005_S009","S237","E03","RIR-031","2021/10/15","E03_T005_S009","CGTTAACC","PCR_IPG0035_R","CGTTAACC","PCR_IPG0035_F","TAGATTTA","PCR_IPg0009_R","TAGATTTA","PCR_IPg0009_F","R4_STD_Mix_3","1stPCR_indexing","Rep_1ul_4rep","Replicate_test","4rep","Platinum","sample",NA,NA,"STD_Mix","ExoSAP","R03","true_sample","true_sample"
"E03_T005_S010","S238","E03","RIR-031","2021/10/15","E03_T005_S010","CGTTAACC","PCR_IPG0035_R","CGTTAACC","PCR_IPG0035_F","AATGCGTA","PCR_IPg0010_R","AATGCGTA","PCR_IPg0010_F","R4_STD_Mix_4","1stPCR_indexing","Rep_1ul_4rep","Replicate_test","4rep","Platinum","sample",NA,NA,"STD_Mix","ExoSAP","R04","true_sample","true_sample"
"E03_T005_S011","S239","E03","RIR-031","2021/10/15","E03_T005_S011","CGTTAACC","PCR_IPG0035_R","CGTTAACC","PCR_IPG0035_F","CATAAGCA","PCR_IPg0011_R","CATAAGCA","PCR_IPg0011_F","R4_STD_Mix_5","1stPCR_indexing","Rep_1ul_4rep","Replicate_test","4rep","Platinum","sample",NA,NA,"STD_Mix","ExoSAP","R05","true_sample","true_sample"
"E03_T005_S012","S240","E03","RIR-031","2021/10/15","E03_T005_S012","CGTTAACC","PCR_IPG0035_R","CGTTAACC","PCR_IPG0035_F","CGTGTTGT","PCR_IPg0012_R","CGTGTTGT","PCR_IPg0012_F","R4_NC","1stPCR_indexing","Rep_1ul_4rep","Replicate_test","4rep","Platinum","nc",NA,NA,"STD_Mix","ExoSAP","R06","true_sample","true_sample"
"E03_T006_S001","S241","E03","RIR-031","2021/10/15","E03_T006_S001","GGGTTAAG","PCR_IPG0039_R","GGGTTAAG","PCR_IPG0039_F","GTCCGTAC","PCR_IPg0013_R","GTCCGTAC","PCR_IPg0013_F","V4_Sea_Nagahama_1","1stPCR_indexing","Vol_4ul_1rep","Volume_test","4ul","Platinum","sample",NA,NA,"Sea_Nagahama","ExoSAP","R01","true_sample","true_sample"
"E03_T006_S002","S242","E03","RIR-031","2021/10/15","E03_T006_S002","GGGTTAAG","PCR_IPG0039_R","GGGTTAAG","PCR_IPG0039_F","GCTACGAA","PCR_IPg0014_R","GCTACGAA","PCR_IPg0014_F","V4_Sea_Nagahama_2","1stPCR_indexing","Vol_4ul_1rep","Volume_test","4ul","Platinum","sample",NA,NA,"Sea_Nagahama","ExoSAP","R02","true_sample","true_sample"
"E03_T006_S003","S243","E03","RIR-031","2021/10/15","E03_T006_S003","GGGTTAAG","PCR_IPG0039_R","GGGTTAAG","PCR_IPG0039_F","ACCCTGGT","PCR_IPg0015_R","ACCCTGGT","PCR_IPg0015_F","V4_Sea_Nagahama_3","1stPCR_indexing","Vol_4ul_1rep","Volume_test","4ul","Platinum","sample",NA,NA,"Sea_Nagahama","ExoSAP","R03","true_sample","true_sample"
"E03_T006_S004","S244","E03","RIR-031","2021/10/15","E03_T006_S004","GGGTTAAG","PCR_IPG0039_R","GGGTTAAG","PCR_IPG0039_F","ACGCCACA","PCR_IPg0016_R","ACGCCACA","PCR_IPg0016_F","V4_Sea_Nagahama_4","1stPCR_indexing","Vol_4ul_1rep","Volume_test","4ul","Platinum","sample",NA,NA,"Sea_Nagahama","ExoSAP","R04","true_sample","true_sample"
"E03_T006_S005","S245","E03","RIR-031","2021/10/15","E03_T006_S005","GGGTTAAG","PCR_IPG0039_R","GGGTTAAG","PCR_IPG0039_F","GCAATGTT","PCR_IPg0017_R","GCAATGTT","PCR_IPg0017_F","V4_Sea_Nagahama_5","1stPCR_indexing","Vol_4ul_1rep","Volume_test","4ul","Platinum","sample",NA,NA,"Sea_Nagahama","ExoSAP","R05","true_sample","true_sample"
"E03_T006_S006","S246","E03","RIR-031","2021/10/15","E03_T006_S006","GGGTTAAG","PCR_IPG0039_R","GGGTTAAG","PCR_IPG0039_F","GGTAGCCC","PCR_IPg0018_R","GGTAGCCC","PCR_IPg0018_F","V4_NC","1stPCR_indexing","Vol_4ul_1rep","Volume_test","4ul","Platinum","nc",NA,NA,"Sea_Nagahama","ExoSAP","R06","true_sample","true_sample"
"E03_T006_S007","S247","E03","RIR-031","2021/10/15","E03_T006_S007","GGGTTAAG","PCR_IPG0039_R","GGGTTAAG","PCR_IPG0039_F","TGCATCGC","PCR_IPg0019_R","TGCATCGC","PCR_IPg0019_F","V4_STD_Mix_1","1stPCR_indexing","Vol_4ul_1rep","Volume_test","4ul","Platinum","sample",NA,NA,"STD_Mix","ExoSAP","R01","true_sample","true_sample"
"E03_T006_S008","S248","E03","RIR-031","2021/10/15","E03_T006_S008","GGGTTAAG","PCR_IPG0039_R","GGGTTAAG","PCR_IPG0039_F","TCGATCGC","PCR_IPg0020_R","TCGATCGC","PCR_IPg0020_F","V4_STD_Mix_2","1stPCR_indexing","Vol_4ul_1rep","Volume_test","4ul","Platinum","sample",NA,NA,"STD_Mix","ExoSAP","R02","true_sample","true_sample"
"E03_T006_S009","S249","E03","RIR-031","2021/10/15","E03_T006_S009","GGGTTAAG","PCR_IPG0039_R","GGGTTAAG","PCR_IPG0039_F","ATTTATAG","PCR_IPg0021_R","ATTTATAG","PCR_IPg0021_F","V4_STD_Mix_3","1stPCR_indexing","Vol_4ul_1rep","Volume_test","4ul","Platinum","sample",NA,NA,"STD_Mix","ExoSAP","R03","true_sample","true_sample"
"E03_T006_S010","S250","E03","RIR-031","2021/10/15","E03_T006_S010","GGGTTAAG","PCR_IPG0039_R","GGGTTAAG","PCR_IPG0039_F","GACCTACC","PCR_IPg0022_R","GACCTACC","PCR_IPg0022_F","V4_STD_Mix_4","1stPCR_indexing","Vol_4ul_1rep","Volume_test","4ul","Platinum","sample",NA,NA,"STD_Mix","ExoSAP","R04","true_sample","true_sample"
"E03_T006_S011","S251","E03","RIR-031","2021/10/15","E03_T006_S011","GGGTTAAG","PCR_IPG0039_R","GGGTTAAG","PCR_IPG0039_F","TGCCGAGC","PCR_IPg0023_R","TGCCGAGC","PCR_IPg0023_F","V4_STD_Mix_5","1stPCR_indexing","Vol_4ul_1rep","Volume_test","4ul","Platinum","sample",NA,NA,"STD_Mix","ExoSAP","R05","true_sample","true_sample"
"E03_T006_S012","S252","E03","RIR-031","2021/10/15","E03_T006_S012","GGGTTAAG","PCR_IPG0039_R","GGGTTAAG","PCR_IPG0039_F","GTAAGGCG","PCR_IPg0024_R","GTAAGGCG","PCR_IPg0024_F","V4_NC","1stPCR_indexing","Vol_4ul_1rep","Volume_test","4ul","Platinum","nc",NA,NA,"STD_Mix","ExoSAP","R06","true_sample","true_sample"
"E03_T007_S001","S253","E03","RIR-031","2021/10/15","E03_T007_S001","CGGTGTAT","PCR_IPG0036_R","CGGTGTAT","PCR_IPG0036_F","AACTTTCC","PCR_IPg0001_R","AACTTTCC","PCR_IPg0001_F","R8_Sea_Nagahama_1","1stPCR_indexing","Rep_1ul_8rep","Replicate_test","8rep","Platinum","sample",NA,NA,"Sea_Nagahama","ExoSAP","R01","true_sample","true_sample"
"E03_T007_S002","S254","E03","RIR-031","2021/10/15","E03_T007_S002","CGGTGTAT","PCR_IPG0036_R","CGGTGTAT","PCR_IPG0036_F","GTATCCTA","PCR_IPg0002_R","GTATCCTA","PCR_IPg0002_F","R8_Sea_Nagahama_2","1stPCR_indexing","Rep_1ul_8rep","Replicate_test","8rep","Platinum","sample",NA,NA,"Sea_Nagahama","ExoSAP","R02","true_sample","true_sample"
"E03_T007_S003","S255","E03","RIR-031","2021/10/15","E03_T007_S003","CGGTGTAT","PCR_IPG0036_R","CGGTGTAT","PCR_IPG0036_F","AGCGGACG","PCR_IPg0003_R","AGCGGACG","PCR_IPg0003_F","R8_Sea_Nagahama_3","1stPCR_indexing","Rep_1ul_8rep","Replicate_test","8rep","Platinum","sample",NA,NA,"Sea_Nagahama","ExoSAP","R03","true_sample","true_sample"
"E03_T007_S004","S256","E03","RIR-031","2021/10/15","E03_T007_S004","CGGTGTAT","PCR_IPG0036_R","CGGTGTAT","PCR_IPG0036_F","CTACAACC","PCR_IPg0004_R","CTACAACC","PCR_IPg0004_F","R8_Sea_Nagahama_4","1stPCR_indexing","Rep_1ul_8rep","Replicate_test","8rep","Platinum","sample",NA,NA,"Sea_Nagahama","ExoSAP","R04","true_sample","true_sample"
"E03_T007_S005","S257","E03","RIR-031","2021/10/15","E03_T007_S005","CGGTGTAT","PCR_IPG0036_R","CGGTGTAT","PCR_IPG0036_F","ATATAAGG","PCR_IPg0005_R","ATATAAGG","PCR_IPg0005_F","R8_Sea_Nagahama_5","1stPCR_indexing","Rep_1ul_8rep","Replicate_test","8rep","Platinum","sample",NA,NA,"Sea_Nagahama","ExoSAP","R05","true_sample","true_sample"
"E03_T007_S006","S258","E03","RIR-031","2021/10/15","E03_T007_S006","CGGTGTAT","PCR_IPG0036_R","CGGTGTAT","PCR_IPG0036_F","TAAACTGA","PCR_IPg0006_R","TAAACTGA","PCR_IPg0006_F","R8_NC","1stPCR_indexing","Rep_1ul_8rep","Replicate_test","8rep","Platinum","nc",NA,NA,"Sea_Nagahama","ExoSAP","R06","true_sample","true_sample"
"E03_T007_S007","S259","E03","RIR-031","2021/10/15","E03_T007_S007","CGGTGTAT","PCR_IPG0036_R","CGGTGTAT","PCR_IPG0036_F","GGGGAAAT","PCR_IPg0007_R","GGGGAAAT","PCR_IPg0007_F","R8_STD_Mix_1","1stPCR_indexing","Rep_1ul_8rep","Replicate_test","8rep","Platinum","sample",NA,NA,"STD_Mix","ExoSAP","R01","true_sample","true_sample"
"E03_T007_S008","S260","E03","RIR-031","2021/10/15","E03_T007_S008","CGGTGTAT","PCR_IPG0036_R","CGGTGTAT","PCR_IPG0036_F","CTGTGTTC","PCR_IPg0008_R","CTGTGTTC","PCR_IPg0008_F","R8_STD_Mix_2","1stPCR_indexing","Rep_1ul_8rep","Replicate_test","8rep","Platinum","sample",NA,NA,"STD_Mix","ExoSAP","R02","true_sample","true_sample"
"E03_T007_S009","S261","E03","RIR-031","2021/10/15","E03_T007_S009","CGGTGTAT","PCR_IPG0036_R","CGGTGTAT","PCR_IPG0036_F","TAGATTTA","PCR_IPg0009_R","TAGATTTA","PCR_IPg0009_F","R8_STD_Mix_3","1stPCR_indexing","Rep_1ul_8rep","Replicate_test","8rep","Platinum","sample",NA,NA,"STD_Mix","ExoSAP","R03","true_sample","true_sample"
"E03_T007_S010","S262","E03","RIR-031","2021/10/15","E03_T007_S010","CGGTGTAT","PCR_IPG0036_R","CGGTGTAT","PCR_IPG0036_F","AATGCGTA","PCR_IPg0010_R","AATGCGTA","PCR_IPg0010_F","R8_STD_Mix_4","1stPCR_indexing","Rep_1ul_8rep","Replicate_test","8rep","Platinum","sample",NA,NA,"STD_Mix","ExoSAP","R04","true_sample","true_sample"
"E03_T007_S011","S263","E03","RIR-031","2021/10/15","E03_T007_S011","CGGTGTAT","PCR_IPG0036_R","CGGTGTAT","PCR_IPG0036_F","CATAAGCA","PCR_IPg0011_R","CATAAGCA","PCR_IPg0011_F","R8_STD_Mix_5","1stPCR_indexing","Rep_1ul_8rep","Replicate_test","8rep","Platinum","sample",NA,NA,"STD_Mix","ExoSAP","R05","true_sample","true_sample"
"E03_T007_S012","S264","E03","RIR-031","2021/10/15","E03_T007_S012","CGGTGTAT","PCR_IPG0036_R","CGGTGTAT","PCR_IPG0036_F","CGTGTTGT","PCR_IPg0012_R","CGTGTTGT","PCR_IPg0012_F","R8_NC","1stPCR_indexing","Rep_1ul_8rep","Replicate_test","8rep","Platinum","nc",NA,NA,"STD_Mix","ExoSAP","R06","true_sample","true_sample"
"E03_T008_S001","S265","E03","RIR-031","2021/10/15","E03_T008_S001","CCCAGACG","PCR_IPG0040_R","CCCAGACG","PCR_IPG0040_F","GTCCGTAC","PCR_IPg0013_R","GTCCGTAC","PCR_IPg0013_F","V8_Sea_Nagahama_1","1stPCR_indexing","Vol_8ul_1rep","Volume_test","8ul","Platinum","sample",NA,NA,"Sea_Nagahama","ExoSAP","R01","true_sample","true_sample"
"E03_T008_S002","S266","E03","RIR-031","2021/10/15","E03_T008_S002","CCCAGACG","PCR_IPG0040_R","CCCAGACG","PCR_IPG0040_F","GCTACGAA","PCR_IPg0014_R","GCTACGAA","PCR_IPg0014_F","V8_Sea_Nagahama_2","1stPCR_indexing","Vol_8ul_1rep","Volume_test","8ul","Platinum","sample",NA,NA,"Sea_Nagahama","ExoSAP","R02","true_sample","true_sample"
"E03_T008_S003","S267","E03","RIR-031","2021/10/15","E03_T008_S003","CCCAGACG","PCR_IPG0040_R","CCCAGACG","PCR_IPG0040_F","ACCCTGGT","PCR_IPg0015_R","ACCCTGGT","PCR_IPg0015_F","V8_Sea_Nagahama_3","1stPCR_indexing","Vol_8ul_1rep","Volume_test","8ul","Platinum","sample",NA,NA,"Sea_Nagahama","ExoSAP","R03","true_sample","true_sample"
"E03_T008_S004","S268","E03","RIR-031","2021/10/15","E03_T008_S004","CCCAGACG","PCR_IPG0040_R","CCCAGACG","PCR_IPG0040_F","ACGCCACA","PCR_IPg0016_R","ACGCCACA","PCR_IPg0016_F","V8_Sea_Nagahama_4","1stPCR_indexing","Vol_8ul_1rep","Volume_test","8ul","Platinum","sample",NA,NA,"Sea_Nagahama","ExoSAP","R04","true_sample","true_sample"
"E03_T008_S005","S269","E03","RIR-031","2021/10/15","E03_T008_S005","CCCAGACG","PCR_IPG0040_R","CCCAGACG","PCR_IPG0040_F","GCAATGTT","PCR_IPg0017_R","GCAATGTT","PCR_IPg0017_F","V8_Sea_Nagahama_5","1stPCR_indexing","Vol_8ul_1rep","Volume_test","8ul","Platinum","sample",NA,NA,"Sea_Nagahama","ExoSAP","R05","true_sample","true_sample"
"E03_T008_S006","S270","E03","RIR-031","2021/10/15","E03_T008_S006","CCCAGACG","PCR_IPG0040_R","CCCAGACG","PCR_IPG0040_F","GGTAGCCC","PCR_IPg0018_R","GGTAGCCC","PCR_IPg0018_F","V8_NC","1stPCR_indexing","Vol_8ul_1rep","Volume_test","8ul","Platinum","nc",NA,NA,"Sea_Nagahama","ExoSAP","R06","true_sample","true_sample"
"E03_T008_S007","S271","E03","RIR-031","2021/10/15","E03_T008_S007","CCCAGACG","PCR_IPG0040_R","CCCAGACG","PCR_IPG0040_F","TGCATCGC","PCR_IPg0019_R","TGCATCGC","PCR_IPg0019_F","V8_STD_Mix_1","1stPCR_indexing","Vol_8ul_1rep","Volume_test","8ul","Platinum","sample",NA,NA,"STD_Mix","ExoSAP","R01","true_sample","true_sample"
"E03_T008_S008","S272","E03","RIR-031","2021/10/15","E03_T008_S008","CCCAGACG","PCR_IPG0040_R","CCCAGACG","PCR_IPG0040_F","TCGATCGC","PCR_IPg0020_R","TCGATCGC","PCR_IPg0020_F","V8_STD_Mix_2","1stPCR_indexing","Vol_8ul_1rep","Volume_test","8ul","Platinum","sample",NA,NA,"STD_Mix","ExoSAP","R02","true_sample","true_sample"
"E03_T008_S009","S273","E03","RIR-031","2021/10/15","E03_T008_S009","CCCAGACG","PCR_IPG0040_R","CCCAGACG","PCR_IPG0040_F","ATTTATAG","PCR_IPg0021_R","ATTTATAG","PCR_IPg0021_F","V8_STD_Mix_3","1stPCR_indexing","Vol_8ul_1rep","Volume_test","8ul","Platinum","sample",NA,NA,"STD_Mix","ExoSAP","R03","true_sample","true_sample"
"E03_T008_S010","S274","E03","RIR-031","2021/10/15","E03_T008_S010","CCCAGACG","PCR_IPG0040_R","CCCAGACG","PCR_IPG0040_F","GACCTACC","PCR_IPg0022_R","GACCTACC","PCR_IPg0022_F","V8_STD_Mix_4","1stPCR_indexing","Vol_8ul_1rep","Volume_test","8ul","Platinum","sample",NA,NA,"STD_Mix","ExoSAP","R04","true_sample","true_sample"
"E03_T008_S011","S275","E03","RIR-031","2021/10/15","E03_T008_S011","CCCAGACG","PCR_IPG0040_R","CCCAGACG","PCR_IPG0040_F","TGCCGAGC","PCR_IPg0023_R","TGCCGAGC","PCR_IPg0023_F","V8_STD_Mix_5","1stPCR_indexing","Vol_8ul_1rep","Volume_test","8ul","Platinum","sample",NA,NA,"STD_Mix","ExoSAP","R05","true_sample","true_sample"
"E03_T008_S012","S276","E03","RIR-031","2021/10/15","E03_T008_S012","CCCAGACG","PCR_IPG0040_R","CCCAGACG","PCR_IPG0040_F","GTAAGGCG","PCR_IPg0024_R","GTAAGGCG","PCR_IPg0024_F","V8_NC","1stPCR_indexing","Vol_8ul_1rep","Volume_test","8ul","Platinum","nc",NA,NA,"STD_Mix","ExoSAP","R06","true_sample","true_sample"
