X,query,superkingdom,kingdom,phylum,subphylum,superclass,class,subclass,infraclass,cohort,subcohort,superorder,order,suborder,infraorder,superfamily,family,subfamily,tribe,genus,subgenus,species,subspecies,seq,seqlen,habitat,jp_name_memo
OTU00001,OTU00001,Eukaryota,Metazoa,Mollusca,,,Gastropoda,Caenogastropoda,,,,,,,,,,,,,,,,ATCCGCGGTTAGACCAAAAGATTAAGTTATATGAATAGGTAAAAAGATAGTTAAGTAAGAAGAAAAGTTTAATGATTTTTTATAGAAAGGTAAAATTTGGATATAAAAAGCTAATTTTTTTTAAGCTACAATGCTGAAGCTATGATAATTTTGAGG,156,indet,
OTU00002,OTU00002,Eukaryota,Metazoa,Chordata,Craniata,Actinopterygii,Actinopteri,Neopterygii,Teleostei,Euteleosteomorpha,,,Spariformes,,,,Sparidae,,,Acanthopagrus,,,,CACCGCGGTTATACGGGAGGCCCAAGTTGCTAGGAGTCGGCGTAAAGGGTGGTTAAGAACAAAACTAAAATTAAAGTCGAACATCTTCCGAGCTGTTATACGCATCCGAAGGTAAGAAGCTCAAATGCGAAAGTAGCTTTATATCTTCTGAATCCACGAAAGCTGAGATA,170,indet,
OTU00003,OTU00003,Eukaryota,Metazoa,Chordata,Craniata,Actinopterygii,Actinopteri,Neopterygii,Teleostei,Euteleosteomorpha,,,STDseqs,STDseqs,STDseqs,STDseqs,STDseqs,STDseqs,STDseqs,STDseqs,,STD_MiFish08,,CACCGATACGACAGGCCCAAGTTGACTTAGCCCGGCGTAAAGAGTGGTTATTTGAATTAAGATCTAAAGCCGAATTTCGACGCAGCTGTTATACGGGTTCTGGATTCAGAATGCCCGATACGAAAGTAGCTTTACCAGTGCGATTAGAACCCACGAAAGCTAAGAAA,167,std,
OTU00004,OTU00004,Eukaryota,Metazoa,Chordata,Craniata,Actinopterygii,Actinopteri,Neopterygii,Teleostei,Otomorpha,Ostariophysi,Cypriniphysae,Cypriniformes,Cyprinoidei,,,Cyprinidae,Cyprininae,,,,,,CACCGCGGTTAGACGAGAGGCCCTAGTTGATATTACAACGGCGTAAAGGGTGGTTAAGGATAAACAAAAATAAAGTCAAATGGCCCCTTGGCCGTCATACGCTTCTAGGCGTCCGAAGCCCTAATACGAAAGTAACTTTAATAAACCCACCTGACCCCACGAAAGCTGAGAAA,173,indet,
OTU00005,OTU00005,Eukaryota,Metazoa,Chordata,Craniata,Actinopterygii,Actinopteri,Neopterygii,Teleostei,Euteleosteomorpha,,,Spariformes,,,,Sparidae,,,Acanthopagrus,,,,CACCGCGGTTATACGGTAGGCCCAAGTTGCTAGGAGTCGGCGTAAAGGGTGGTTAAGAACAAAACTAAAATTAAAGTCGAACATCTTCCGAGCTGTTATACGCATCCGAAGGTAAGAAGCTCAAATGCGAAAGTAGCTTTATATCTTCTGAATCCACGAAAGCTGAGATA,170,indet,
OTU00006,OTU00006,Eukaryota,Metazoa,Chordata,Craniata,Actinopterygii,Actinopteri,Neopterygii,Teleostei,Euteleosteomorpha,,,Perciformes,Scorpaenoidei,,,Sebastidae,Sebastinae,,Sebastes,,,,CACCGCGGCTATACGAGAGACCCAAGTTGATACCATTCGGCGTAAAGAGTGGTTATGGAAAATAAAGACTAAAGCCGCACACCTTCAAAGCTGTTATACGCATCCGAAGGCTAGAAGATCAACCACGAAGGTAGCTTTACAACCCCTGACCCCACGAAAGCTCTGGCA,168,marine,メバル属
OTU00007,OTU00007,Eukaryota,Metazoa,Chordata,Craniata,Actinopterygii,Actinopteri,Neopterygii,Teleostei,Euteleosteomorpha,,,Blenniiformes,Blennioidei,,,Blenniidae,Salariinae,,Parablennius,,Parablennius yatabei,,CACCGCGGTTATACGAGAGGCCCAAGCTGACAGCCCTTCGGCGTAAAGCGTGGTTAGAATAGAAAGATAAATTAAAGCCGAATGCTCCCTAAGCTGTTATACGCTCTCGAGAGCTAGAAGATCTTTTACGAAAGTAGCTTTATTACATTGAATCCACGAAAGCTAAGATA,170,marine,イソギンポ
OTU00008,OTU00008,Eukaryota,Metazoa,Chordata,Craniata,Actinopterygii,Actinopteri,Neopterygii,Teleostei,Euteleosteomorpha,,,Perciformes,Scorpaenoidei,,,Sebastidae,Sebastinae,,Sebastiscus,,Sebastiscus marmoratus,,CACCGCGGCTATACGAGAGGCCCAAGTTGATACCATTCGGCGTAAAGAGTGGTTATGGAAAATAAAAACTAAAGCCGCACGCCTTCAAAGCTGTTATACGCATCCGAAGGTTAGAAGATCAATCACGAAGGTAGCTTTACAACCCCTGACCCCACGAAAGCTCTGGCA,168,marine,カサゴ
OTU00009,OTU00009,,,,,,,,,,,,,,,,,,,,,,,CACCGCGGTCACACGATTAACCAAAGTCAATAGAAGCCGGCGTAAAGAGTGTTTTAGATCACCCCCTCCCCAATAAAGCTAAAACTCACCTGAGTTGTAAAAAACTCCAGTTGACACAAAATAGACTACGAAAGTGGCTTTAACATATCTGAACACACAATAGCTAAGACC,171,indet,
OTU00010,OTU00010,Eukaryota,Metazoa,Chordata,Craniata,Sarcopterygii,Aves,,Neognathae,,,,Gruiformes,,,,Rallidae,,,Fulica,,,,CACCGCGGTCATACAAGAAGCCCAAATTAACCGTCACCCGGCGTAAAGAGTGGTAACTTACTATTATCTAACTAGGATCAAAGTACAACTAAGCTGTCATAAGCCCATGATGTACCTAAAACCACCCTAAAAACGATCCTAGCACTAACGATCAACTAAACACCACGAAAGCCAAGACA,179,indet,
OTU00011,OTU00011,Eukaryota,Metazoa,Chordata,Craniata,Sarcopterygii,Aves,,Neognathae,,,Galloanserae,Anseriformes,,,,Anatidae,Aythyinae,,Aythya,,,,CACCGCGGTCATACAAGAGACCCAAATCAACTGTCCCATACAAGCGGCGTAAAGAGTGGTAAAATGCCTATCCTATCCAACTAAGATCAAAATGCAGCCAAGCTGTCGCAAGCACAAGATGCACCTAAACACACCATAAAGATGATCTTAGCAACTAGCGATCGATTTAAGCCCACGAAAGCCAGGGCC,189,indet,
OTU00012,OTU00012,Eukaryota,Metazoa,Chordata,Craniata,Sarcopterygii,Aves,,Neognathae,,,Galloanserae,Anseriformes,,,,Anatidae,Aythyinae,,Aythya,,Aythya ferina,,CACCGCGGTCATACAAGAGACCCAAATCAACTGTTCCACACAAGCGGCGTAAAGAGTGGTAATATGCCTATCCTATCTAACTAAGATCAAAATGCAACTAAGCTGTCGCAAGCACAAGATGCACCTAAACACACCATCAAGATGATCTTAGCAACTAGCGATCGATTTAAACCCACGAAAGCCAGGGCC,189,indet,ホシハジロ
OTU00013,OTU00013,Eukaryota,Metazoa,Chordata,Craniata,Sarcopterygii,Aves,,Neognathae,,,,Passeriformes,,,Corvoidea,Corvidae,,,Corvus,,,,CACCGCGGTCATACAGGAGACTCAAATTAACAGTATAACGGCGTAAAGGGTGGTAACATGCTATCTAAGTAACTAAGATTAAAAAGCAACTGAGCTGTAATAAGCCCAAGATGCTCATAAGGCCAACTACCAAAGAAGATCTTAGGCTGACGATTAATTGAAATCCACGAAAGCCAGGGCC,181,indet,
OTU00014,OTU00014,Eukaryota,Metazoa,Chordata,Craniata,Sarcopterygii,Mammalia,,,,,Euarchontoglires,Rodentia,Hystricomorpha,,,Myocastoridae,,,Myocastor,,Myocastor coypus,,CACCGCGGTCATACGATTAACCCTGATTAATAAACCCCGGCGTAAAGAGTATTAAAGATACAATAAAAATAAGATTAAATTTCATCTGGGTCGTAAAAAACTATAGATAAAAATAAAATCGATAACGAAGGTAATCTTAATATATCAGAATATACTAAAGCTAAGACA,168,indet,ヌートリア
OTU00015,OTU00015,Eukaryota,Metazoa,Chordata,Craniata,Sarcopterygii,Mammalia,,,,,Euarchontoglires,Rodentia,Myomorpha,,,Muridae,Murinae,,Mus,Mus,Mus musculus,,CACCGCGGTCATACGATTAACCCAAACTAATTATCTTCGGCGTAAAACGTGTCAACTATAAATAAATAAATAGAATTAAAATCCAACTTATATGTGAAAATTCATTGTTAGGACCTAAACTCAATAACGAAAGTAATTCTAGTCATTTATAATACACGACAGCTAAGACC,170,indet,ハツカネズミ
OTU00016,OTU00016,Eukaryota,Metazoa,Chordata,Craniata,Sarcopterygii,Mammalia,,,,,Laurasiatheria,Artiodactyla,Suina,,,Suidae,,,Sus,,Sus scrofa,,CACCGCGGTCATACGATTAACCCAAATTAATAGATCCACGGCGTAAAGAGTGTTTAAGAAAAAAAAACCACAATAGAGTTAAATTATAACTAAGCTGTAAAAAGCCCTAGTTAAAATAAAATAACCCACGAAAGTGACTCTAATAATCCTGACACACGATAGCTAGGACC,170,indet,イノシシ
OTU00017,OTU00017,Eukaryota,Metazoa,Chordata,Craniata,Sarcopterygii,Mammalia,,,,,Laurasiatheria,Chiroptera,Microchiroptera,,,Vespertilionidae,,,Myotis,,,,CACCGCGGTCATACGATTAGGCCAAACTAATAGACACCCGGCGTAAAGCGTGTTTTAGAGTTAAAGACAAAAATAAAATTAAGCCCTAACTAAGCTGTAAAAAGCCCCAGCTACTGTAAAATACATAACGAAAGTAATTTTAAAAATTCTGATTACACGATAGCTAAGACC,171,indet,ホオヒゲコウモリ
OTU00018,OTU00018,Eukaryota,Metazoa,Chordata,Craniata,Actinopterygii,Actinopteri,Neopterygii,Teleostei,Euteleosteomorpha,,,Pleuronectiformes,Pleuronectoidei,,,Soleidae,,,,,,,CACCGCGGTTAAACGAGAAGCTCAAGTTGACAAGCAACGGCACAAAGCGTGGTTAGGGACTAATCTTAAACTAAAGCCAAACCATTTCAGAGCCGTTATACGCATACGAAAACATGAAGCCCAACAACGAAAGTGGCTTTACCCACCCTGAACCCACGAAAGCTAAGAAA,170,indet,
OTU00019,OTU00019,Eukaryota,Metazoa,Chordata,Craniata,Actinopterygii,Actinopteri,Neopterygii,Teleostei,Otomorpha,Ostariophysi,Cypriniphysae,Cypriniformes,Cyprinoidei,,,Xenocyprididae,Opsariichthyinae,,Nipponocypris,,Nipponocypris temminckii,,CACCGCGGTTAAACGAGAGGCCCAAGTTGATAACACCACGGCGTAAAGGGTGGTTAAGGAAAGCAGCATAATAAAGCCAAATGGCCCTTTGGCCGTCATACGCTTCTAGGTGTCCGAAGCCCAACCACACGAAAGTAGCTTTAATAAAGCCCACCTGACCCCACGAAAGCTGAGAAA,177,freshwater,カワムツ
OTU00020,OTU00020,Eukaryota,Metazoa,Chordata,Craniata,Actinopterygii,Actinopteri,Neopterygii,Teleostei,Otomorpha,Ostariophysi,Cypriniphysae,Cypriniformes,Cyprinoidei,,,Leuciscidae,Pseudaspininae,,Tribolodon,,Tribolodon hakonensis,,CACCGCGGTTAAACGAGAGGCCCCAGTTGACAATACAACGGCGTAAAGGGTGGTTAGGGAGTGCAAAACAATAAAGCCAAATGGCCCCTTGGCCGTCATACGCTTCTAGGTGCCCGAAGCCCAATATACGAAAGTAGCTTTAAAAAGCCCACCTGACGCCACGAAAGCTGAGAAA,175,both,ウグイ
OTU00021,OTU00021,Eukaryota,Metazoa,Chordata,Craniata,Actinopterygii,Actinopteri,Neopterygii,Teleostei,Otomorpha,Ostariophysi,Cypriniphysae,Cypriniformes,Cyprinoidei,,,Gobionidae,Sarcocheilichthyinae,,Gnathopogon,,Gnathopogon elongatus,Gnathopogon elongatus elongatus,CACCGCGGTTAAACGAGAGGCCCTAGTTAATAGTATTACGGCGTAAAGGGTGGTTAAGGAGAGCAATACAATAAAGCCAAATGGCCCTTTGGCCGTCATACGCTTCTAGGTGTCCGAAGCCCAACCACACGAAAGTAGCTTTAACAAAATCCACCTGACCCCACGAAAGCTAAGAAA,177,freshwater,タモロコ
OTU00022,OTU00022,Eukaryota,Metazoa,Chordata,Craniata,Actinopterygii,Actinopteri,Neopterygii,Teleostei,Otomorpha,Ostariophysi,Cypriniphysae,Cypriniformes,Cyprinoidei,,,Gobionidae,Sarcocheilichthyinae,,Pseudorasbora,,,,CACCGCGGTTAAACGAGAGGCCCTAGTTGATAATATTACGGCGTAAAGGGTGGTTAAGGAAAACAAATTAATAAAGCCAAATGGCCCTTTGGCCGTCATACGCTCCTAGGTGTCCGAAGCCCAATTTTACGAAAGTAGCTTTAACAAAATTAACCTGACCCCACGAGAGCTGAGAAA,177,indet,
OTU00023,OTU00023,Eukaryota,Metazoa,Chordata,Craniata,Actinopterygii,Actinopteri,Neopterygii,Teleostei,Otomorpha,Ostariophysi,Cypriniphysae,Cypriniformes,Cyprinoidei,,,Gobionidae,,,Hemibarbus,,,,CACCGCGGTTAAACGAGAGGCCCTAGTTGATATTATTACGGCGTAAAGGGTGGTTAAGGAAAGCACAACAATAAAGCCGAATGGCCCTCTGGCCGTCATACGCTTCCAGGTATCCGAAGTCCAACTCACGAAAGTAGCTTTAATACAGCCCACCTGACCCCACGAAAGCTGAGAAA,176,indet,
OTU00024,OTU00024,Eukaryota,Metazoa,Chordata,Craniata,Actinopterygii,Actinopteri,Neopterygii,Teleostei,Otomorpha,Ostariophysi,Cypriniphysae,Cypriniformes,Cyprinoidei,,,Xenocyprididae,Opsariichthyinae,,Zacco,,Zacco platypus,,CACCGCGGTTAAACGAGGGGCCCCAGTTGATAACACCACGGCGTAAAGGGTGGTTAAGGGAGCAGCATGATAAAGCCGAATGGCCCTTTGGCCGTCATACGCTTCTAGGTGTCCGAAGCCCAATCACACGAAAGTAGCTTTAATAAAGCCCACCTGACCCCACGAAAGCTGAGAAA,176,freshwater,オイカワ
OTU00025,OTU00025,Eukaryota,Metazoa,Chordata,Craniata,Actinopterygii,Actinopteri,Neopterygii,Teleostei,Euteleosteomorpha,,,Labriformes,,,,Labridae,,,Halichoeres,,Halichoeres tenuispinis,,CACCGCGGTTATACGAGAGACCCAAGTCGATGGCCCTCGGCGTAAAGAGTGGTTAGGAGACATCCCAAAACTAAAGGTGAATAACTTCAAAGCTGTTATACGCTCATGAAGTCAAGAAACTCAACTACGAAAGTGACTTTATGGATTCTGAACCCACGAAAGCTATGGCA,170,marine,ホンベラ
OTU00026,OTU00026,Eukaryota,Metazoa,Chordata,Craniata,Actinopterygii,Actinopteri,Neopterygii,Teleostei,Euteleosteomorpha,,,Perciformes,Platycephaloidei,,,Platycephalidae,,,Inegocia,,Inegocia japonica,,CACCGCGGTTACACGAGAGACCCAAGTTGATTTCCCCCGGCGTAAAGCGTGGTTATGATTAATAACTTACTAAAGTCGAATATTTCCAAAACTGTGATAAGTAATTGGAGATAAGAAGCTCAACTACGAAAGTGACTTTACAACCCTGAAGCCACGAAAGCTAAGACA,168,marine,トカゲゴチ
OTU00027,OTU00027,Eukaryota,Metazoa,Chordata,Craniata,Actinopterygii,Actinopteri,Neopterygii,Teleostei,Euteleosteomorpha,,,Gobiiformes,Gobioidei,,,Gobiidae,Gobionellinae,,Leucopsarion,,Leucopsarion petersii,,CACCGCGGTTATACGAGAGGCCCAAGTTGATAAACGCCGGCGTAAAACGTGGTTCGTGCACTACGATACTAAAGCTTAACATCTTCAACGCTGTTATACGCATTCGAAGCCAGGAAGCCCTCCAACGAAAGTAGCTTTACATGACACTACTCCACGAAAGCTAGGAAA,168,both,シロウオ
OTU00028,OTU00028,Eukaryota,Metazoa,Chordata,Craniata,Actinopterygii,Actinopteri,Neopterygii,Teleostei,Euteleosteomorpha,,,Gobiiformes,Gobioidei,,,Gobiidae,Gobiinae,,Eviota,,Eviota abax,,CACCGCGGTTATACGAGGGGCCCAAGTTGATAGGGTTCGGCGTAAAGGGTGGTTAATAGAACATATACTAAAGCCGAACGCCTTCGGAGCTGTTATAAGCTTCTGGAGAAAGGAAGCCCTTCCACGAAAGTGCCTTTAAACACTATGACCCCACGAAAGCTAGGGCA,167,marine,イソハゼ
OTU00029,OTU00029,Eukaryota,Metazoa,Chordata,Craniata,Actinopterygii,Actinopteri,Neopterygii,Teleostei,Euteleosteomorpha,,,Carangiformes,,,,Coryphaenidae,,,Coryphaena,,,,CACCGCGGTTAGACGAATGACCCAAGTTGACAGAATACGGCGTAAAGGGTGGTTAGGGAATATTAATACTAAAGCCGAACACCTTCCAAGCTGTTATACGCTTATGAAGAACTGAAGCACAACTACGAAAGTGGCTTTAAAACACCTGAACCCACGAAAGCTAAGAAA,168,marine,シイラ
OTU00030,OTU00030,Eukaryota,Metazoa,Chordata,Craniata,Actinopterygii,Actinopteri,Neopterygii,Teleostei,Otomorpha,Ostariophysi,Cypriniphysae,STDseqs,STDseqs,STDseqs,STDseqs,STDseqs,STDseqs,STDseqs,STDseqs,,STD_cyprinus,,CACCGCGGTTAGACGACAGGCCCTAGTTGAGCCACACCCGGCGTAAAGGGTGGTTAGGACGGGCGACGTTTAAAGTCAAAGAAGCTCCATGCCGTTATACGATGGTTAGTTCCGGAACGGCAGGAACGAAAGTAACTTTATAAGTGTATGCCGAACCCACGAAAGCTGAGAAA,173,std,
OTU00032,OTU00032,Eukaryota,Metazoa,Chordata,Craniata,Actinopterygii,Actinopteri,Neopterygii,Teleostei,Otomorpha,Ostariophysi,Cypriniphysae,Cypriniformes,Cyprinoidei,,,Gobionidae,Sarcocheilichthyinae,,Sarcocheilichthys,,,,CACCGCGGTTAGACGAGAGGCCCCAGTTAATAGTATTACGGCGTAAGGGGTGGTTAAGGAGAACAAGATAATAAAGCCAAATGGCCCCTTGGCCGTCATACGCTTCTGGGTGTCCGAAGCCCAATATACGAAAGTAGCTTTAGTAAACCCACCTGACCCCACGAAAACTGAGAAA,175,freshwater,ヒガイ
OTU00033,OTU00033,Eukaryota,Metazoa,Chordata,Craniata,Actinopterygii,Actinopteri,Neopterygii,Teleostei,Otomorpha,Ostariophysi,Cypriniphysae,Cypriniformes,Cyprinoidei,,,Cyprinidae,Cyprininae,,,,,,CACCGCGGTTAGACGAGAGGCCCTAGTTGATATTACAACGGCGTAAAGGGTGGTTAAGGATAAACAAAAATAAAGTCAAATGGCCCCTTGGCCGTCATACGCTTCTAGGAGTCCGAAGCCCTAATACGAAAGTAACTTTAATAAACCCACCTGACCCCACGAAAGCTGAGAAA,173,indet,
OTU00034,OTU00034,Eukaryota,Metazoa,Chordata,Craniata,Actinopterygii,Actinopteri,Neopterygii,Teleostei,Otomorpha,Ostariophysi,Cypriniphysae,Cypriniformes,Cyprinoidei,,,Cyprinidae,Cyprininae,,,,,,CACCGCGGTTAGACGAGAGGCCCTAGTTGATATTACAACGGCGTAAAGGGTGGTTAAGGATAGACAAAAATAAAGTCAAATGGCCCCTTGGCCGTCATACGCTTCTAGGAGCCCGAAGCCCTAATACGAAAGTAACTTTAATAAACCCACCTGACCCCACGAAAGCTGAGAAA,173,indet,
OTU00035,OTU00035,Eukaryota,Metazoa,Chordata,Craniata,Actinopterygii,Actinopteri,Neopterygii,Teleostei,Euteleosteomorpha,,Atherinomorphae,Beloniformes,Belonoidei,,,Belonidae,,,,,,,CACCGCGGTTAGACGAGAGGCCTAAGTTGATAAACACCGGCGTAAAGAGTGGTTAGGAAATAACCTAGAACTAAAGCCAAATATTCTCATAGCTGTTATACGCACCCGAGAATAAGAAGCCCCCTTACGAAGGTAGCTTTAATTTATCCGACTCCACGAAAGCTGTGAAA,170,indet,
OTU00036,OTU00036,Eukaryota,Metazoa,Chordata,Craniata,Actinopterygii,Actinopteri,Neopterygii,Teleostei,Euteleosteomorpha,,,Labriformes,,,,Labridae,,,Semicossyphus,,,,CACCGCGGTTAGACGAGAGGCTCAAGTTGATAAACAATCGGCGTAAAGAGTGGTTATGGAAACTACGAAACTAAAGCCAAATGCCCCCAAGGCTGTTATACGCACCCGGAGGCCAGAAGCCCAACCACGAAAGTGGCTTTATGTTACCTGAATCCACGAAAGCTATGGAA,170,marine,コブダイ
OTU00037,OTU00037,Eukaryota,Metazoa,Chordata,Craniata,Actinopterygii,Actinopteri,Neopterygii,Teleostei,Euteleosteomorpha,,,STDseqs,STDseqs,STDseqs,STDseqs,STDseqs,STDseqs,STDseqs,STDseqs,,STD_MiFish02,,CACCGCGGTTATACGACAGGCCCAAGTTGATCTTGAACGGCGTAAAGAGTGGTTAGATTTCCCTACTGCTAAAGCCGAAGCACCGCCGTGCTGTTATACGTGCCTCACAGTGAGAAGGGCGAAAACGAAAGTAGCTTTATTTCCGTCACGCGAACCCACGAAAGCTAAGAAA,172,std,
OTU00038,OTU00038,Eukaryota,Metazoa,Chordata,Craniata,Actinopterygii,Actinopteri,Neopterygii,Teleostei,Euteleosteomorpha,,,Spariformes,,,,Sparidae,,,Acanthopagrus,,,,CACCGCGGTTATACACGAGGCCCAAGTTACTAGGAGTCGGCGTAAAGGGTGGTTAAGAACAAAACTAAAATTAAAGTCGAACATCTTCCGAGCTGTTATACGCATCCGAAGGTAAGAAGCTCAAATGCGAAAGTAGCTTTATATCTTCTGAATCCACGAAAGCTGAGATA,170,indet,
OTU00039,OTU00039,,,,,,,,,,,,,,,,,,,,,,,CACCGCGGTTATACATAAAGACCTAGCCAATAAACCCACGGTAAAAATTGTGGTACGGGAATCGTACCAAATGAAATAAAAGTAAACTTTGGCAGTAACAAGCTAACAGCCCCCAAATTACAAAAAACATGTACCTAATCTCAGCCCGCCCCCAAACCACCAAAGCTCCAAGA,173,indet,
OTU00040,OTU00040,Eukaryota,Metazoa,Echinodermata,,Asterozoa,Asteroidea,,,,,Valvatacea,Valvatida,,,,Asterinidae,,,Patiria,,,,CACCGCGGTTATACATAAGGTCCTAGTTAAGAATTAGCGGTAAAAAGGTGATAAAACCAAACCTGGGGACAACACTAACTCTAGCAGTAATAAGCTTACAGAACACTTAGAACAACAAAAACATTAACCCCAGCTTTTATAGACCATCACTAAAGCTCAAAAA,163,marine,イトマキヒトデ
OTU00041,OTU00041,Eukaryota,Metazoa,Chordata,Craniata,Actinopterygii,Actinopteri,Neopterygii,Teleostei,Euteleosteomorpha,,,Mugiliformes,,,,Mugilidae,,,Mugil,,Mugil cephalus,,CACCGCGGTTATACGAAAGACCCAAGCTGATAGATGCCGGCGTAAAGAGTGGTTAAGTATCTTGATAGAACTAAAGCCGAACGCCCTCAAGACCGTTATACGTTTCCGAAGGTATGAAGCCCAACCACGAAAGTAACTTTAATTATATCCAACAGCACGAAAGCTGTGAAA,171,marine,ボラ
OTU00042,OTU00042,Eukaryota,Metazoa,Chordata,Craniata,Actinopterygii,Actinopteri,Neopterygii,Teleostei,Euteleosteomorpha,,,Mugiliformes,,,,Mugilidae,,,Mugil,,Mugil cephalus,,CACCGCGGTTATACGAAAGACCCAAGCTGATAGATGCCGGCGTAAAGAGTGGTTAAGTATCTTGATAGAACTAAAGCCGAACGCCCTCAAGACCGTTATACGTTTCCGAAGGTATGAAGCCCAACCACGAAAGTAACTTTAATTATATCCGACTCCACGAAAGCTGTGAAA,171,indet,
OTU00043,OTU00043,Eukaryota,Metazoa,Chordata,Craniata,Actinopterygii,Actinopteri,Neopterygii,Teleostei,Otomorpha,Ostariophysi,Characiphysae,Siluriformes,Siluroidei,,,Siluridae,,,Silurus,,,,CACCGCGGTTATACGAAAGACCCTAGTTAATAGACACGGCGTAAAGGGTGGTTAAGGAATATAATAAATAAAGCTAAAGACCCTCTAAGCCGTTATACGCACTCCGAGGATACGAAGCCCAAACACGAAAGTAGCTTTAAACCCCTCCTGACCCCACAAAAGCTAAGAAA,170,freshwater,ナマズ
OTU00044,OTU00044,Eukaryota,Metazoa,Chordata,Craniata,Actinopterygii,Actinopteri,Neopterygii,Teleostei,Otomorpha,Ostariophysi,Characiphysae,Siluriformes,Siluroidei,,,Plotosidae,,,Plotosus,,Plotosus japonicus,,CACCGCGGTTATACGAAAGACCCTAGTTGATACTCACGGCGTAAAGGGTGGTTAAGGGTAATACACAATAAAGCCAAAGATCTTCTAAGCCGTTATACGCACCCCGAAAGTCACGAGGCCCAAATACGAAAGTAGCTTTAAAACAAGCCTGACCCCACGAAAGCTAAGAAA,171,marine,ゴンズイ
OTU00045,OTU00045,Eukaryota,Metazoa,Chordata,Craniata,Actinopterygii,Actinopteri,Neopterygii,Teleostei,,,,,,,,,,,,,,,CACCGCGGTTATACGAAGAGTGGTTATTTGAATTAAGATCTAAAGCCGAATTTCGACGCAGCTGTTATACGGGTTCTGGATTCAGAATGCCCGATACGAAAGTAGCTTTACCAGTGCGATTAGAACCCACGAAAGCTAAGAAACAAACTAAAATTAGATACCCCACTATG,170,indet,
OTU00046,OTU00046,Eukaryota,Metazoa,Chordata,Craniata,Actinopterygii,Actinopteri,Neopterygii,Teleostei,Euteleosteomorpha,,,STDseqs,STDseqs,STDseqs,STDseqs,STDseqs,STDseqs,STDseqs,STDseqs,,STD_MiFish09,,CACCGCGGTTATACGACAGGCCCAAGTTGACGTACTACGGCGTAAAGAGTGGTTACGTGTCGCACCTGGTAAAGCCGAAGCCCCTCTAGGCTGTTATACGAGACAGAATCGGCGAAGCTCGCGCACGAAAGTAGCTTTAGCGGAGATATGCGAACCCACGAAAGCTAAGAAA,172,std,
OTU00047,OTU00047,Eukaryota,Metazoa,Chordata,Craniata,Actinopterygii,Actinopteri,Neopterygii,Teleostei,Euteleosteomorpha,,,STDseqs,STDseqs,STDseqs,STDseqs,STDseqs,STDseqs,STDseqs,STDseqs,,STD_MiFish05,,CACCGCGGTTATACGACAGGCCCAAGTTGACTGGTGTCGGCGTAAAGAGTGGTTAACTAACGATCATTATAAAGCCGAAATTCCCCTAAGCTGTTATACGTCAAATCAAAAAGGAATCGCTGGTACGAAAGTAGCTTTAGTTATGATGCATGAACCCACGAAAGCTAAGAAA,172,std,
OTU00049,OTU00049,Eukaryota,Metazoa,Chordata,Craniata,Actinopterygii,Actinopteri,Neopterygii,Teleostei,Euteleosteomorpha,,,STDseqs,STDseqs,STDseqs,STDseqs,STDseqs,STDseqs,STDseqs,STDseqs,,STD_MiFish04,,CACCGCGGTTATACGACAGGCCCAAGTTGATATCCCACGGCGTAAAGAGTGGTTAGAACCGGAAACGCGTAAAGCCGAAGAACATCAGTGCTGTTATACGCATTCGATTAGGTGAATTTCAGTAACGAAAGTAGCTTTACCGATCAAATCCGAACCCACGAAAGCTAAGAAA,172,std,
OTU00050,OTU00050,Eukaryota,Metazoa,Chordata,Craniata,Actinopterygii,Actinopteri,Neopterygii,Teleostei,Euteleosteomorpha,,,,,,,,,,,,,,CACCGCGGTTATACGACAGGCCCAAGTTGATCTTGAACGGCGTAAAGAGTGGTTAGATTTCCCTACTGCTAAAGCCGAAGCACCGCCGTGCTGTTATACGTGCCTCACAGTGAGAAGGGCGAAAACGAAAGTACCACGAAAGCTAAGAAA,150,indet,
OTU00051,OTU00051,Eukaryota,Metazoa,Chordata,Craniata,Actinopterygii,Actinopteri,Neopterygii,Teleostei,Euteleosteomorpha,,,,,,,,,,,,,,CACCGCGGTTATACGACAGGCTAAAGAGTGGTTACGTGTCGCACCTGGTAAAGCCGAAGCCCCTCTAGGCTGTTATACGAGACAGAATCGGCGAAGCTCGCGCACGAAAGTAGCTTTAGCGGAGATATGCGAACCCACGAAAGCTAAGAAA,151,indet,
OTU00052,OTU00052,Eukaryota,Metazoa,Chordata,Craniata,Sarcopterygii,Amphibia,,,,,Batrachia,Caudata,,,Salamandroidea,Salamandridae,Pleurodelinae,,,,,,CACCGCGGTTATACGAGAAACTCAAATTAATAAACCCGGCTCAAAGGGTGGTTAAACAAACAAATTAAATAAGGCTAAAAACTAACCCCGCTGTCGCACGCAATAGTTAAAATAAACACAATTTCGAAAGTAACCTTACCAAAATAAGCTTGAACCCACGACAACTAGGAAA,172,indet,
OTU00053,OTU00053,Eukaryota,Metazoa,Chordata,Craniata,Actinopterygii,Actinopteri,Neopterygii,Teleostei,Euteleosteomorpha,,,Chaetodontiformes,,,,Leiognathidae,,,Nuchequula,,,,CACCGCGGTTATACGAGAGACCCAAATTGACAGTACCCGGCATAAAGTGTGGTTAAGAAATAAACACAATAAGGCCAAACTCTTTCAAGGCTGTTATACGCAACCGAAAGAAAGAAGATCAACAACGAAAGTGACCTTAGCCCAACCTGAACCCACGAAAGCTAGGAAA,169,marine,ヒイラギ
OTU00054,OTU00054,Eukaryota,Metazoa,Chordata,Craniata,Actinopterygii,Actinopteri,Neopterygii,Teleostei,Euteleosteomorpha,,,Syngnathiformes,Callionymoidei,,,Callionymidae,,,Repomucenus,,,,CACCGCGGTTATACGAGAGACCCAAATTGATCAACAGCGGCGTAAAGGGTGGTTAAACTAATTACTATTAGAGCCAAATTCTCCCCTGACTGTTATACGTTACGGGATGAAGAAGAACTAAAACGAAAGTAGCTTTAAAATTTTGAATCCACGAAAGCTAGGACA,165,marine,トビヌメリと同属
OTU00055,OTU00055,Eukaryota,Metazoa,Chordata,Craniata,Actinopterygii,Actinopteri,Neopterygii,Teleostei,Euteleosteomorpha,,,Syngnathiformes,Callionymoidei,,,Callionymidae,,,Callionymus,Callionymus,Callionymus valenciennei,,CACCGCGGTTATACGAGAGACCCAAATTGATTGACAACGGCGTAAAGGGTGGTTAAAATATATTCTACTAGGGCCGAACTAGTCCCTGACTGTTATACGTTACGGAATAAAGAAGAACTTAAACGAAGGTAGCCCTAAAATTTTGAAGCCACGAAAGCTAGGAAA,165,marine,ネズッポ属でネズミゴチであろう
OTU00056,OTU00056,Eukaryota,Metazoa,Chordata,Craniata,Actinopterygii,Actinopteri,Neopterygii,Teleostei,Euteleosteomorpha,,,Tetraodontiformes,Tetraodontoidei,,Tetradontoidea,Tetraodontidae,,,Takifugu,,,,CACCGCGGTTATACGAGAGACCCAAGTTGTTAGCCAACGGCGTAAAGGGTGGTTAGAACTATAAACAACAAACTGAGACCGAACACCTTCAAGGCTGTTATACGCTTCCGAAGCAACGAAGAACAATAACGAAAGTAGCCTCACTAACTCGAACCCACGAAAGCTAGGGCA,171,marine,トラフグ属で，クサフグかコモンフグ
OTU00057,OTU00057,Eukaryota,Metazoa,Chordata,Craniata,Actinopterygii,Actinopteri,Neopterygii,Teleostei,Euteleosteomorpha,,,Labriformes,,,,Labridae,,,Parajulis,,Parajulis poecilepterus,,CACCGCGGTTATACGAGAGACCCAAGTCGATGGTCGTCGGCGTAAAGAGTGGTTAAGAGATAAGAAAACTAAAGCCAAACGACTTCAAAGCTGTTATACGCACATGAAAGCACTGAGGCCCTACCACGAAAGTGGCTTTAATTACCTGAACCCACGAAAGCTATGATA,168,marine,キュウセン
OTU00058,OTU00058,Eukaryota,Metazoa,Chordata,Craniata,Actinopterygii,Actinopteri,Neopterygii,Teleostei,Euteleosteomorpha,,,STDseqs,STDseqs,STDseqs,STDseqs,STDseqs,STDseqs,STDseqs,STDseqs,,STD_takifugu,,CACCGCGGTTATACGAGAGACCCAAGTTGAATTGAGTCGGCGTAAAGGGTGGTTAACGCGTCTAGCGTCATGATGAGACCGAATGTCCTCCTCGCTGTTATACGTGTAATGATTTCCGAACCTCTTAAACGAAAGTAGCCTCACTAACTCGAACCCACGAAAGCTAGGACA,171,std,
OTU00059,OTU00059,Eukaryota,Metazoa,Chordata,Craniata,Actinopterygii,Actinopteri,Neopterygii,Teleostei,Otomorpha,Clupei,,Clupeiformes,Clupeoidei,,,Clupeidae,Dorosomatinae,,Konosirus,,Konosirus punctatus,,CACCGCGGTTATACGAGAGACCCAAGTTGATAAGCCCGGCGTAAAGAGTGGTTATGGATAACACAAAACTAAAGCTAAAGACCCCCTAGGCTGTTATACGCACCTGGCGGCTCGAGTCACCAACACGAAAGTAGCTTTACCCCCTCCCACCAGAACCCACGACAGCTGGGGCA,173,marine,コノシロ
OTU00060,OTU00060,Eukaryota,Metazoa,Chordata,Craniata,Actinopterygii,Actinopteri,Neopterygii,Teleostei,Euteleosteomorpha,,,,,,,Siganidae,,,Siganus,,,,CACCGCGGTTATACGAGAGACCCAAGTTGATAGACAGCGGCGTAAAGAGTGGTTAAGAACTAAACCAAAAACTAAAGCCGAACGCTCTCAAAGCTGTTATACGCACTCGAGAGTATGAAGTTCAACTACGAAAGTGGCTTTACCCCCTCTGAACCCACGAAAGCTAGGACA,171,marine,アイゴ
OTU00061,OTU00061,Eukaryota,Metazoa,Chordata,Craniata,Actinopterygii,Actinopteri,Neopterygii,Teleostei,Euteleosteomorpha,,,Labriformes,,,,Labridae,,,Pseudolabrus,,Pseudolabrus sieboldi,,CACCGCGGTTATACGAGAGACCCAAGTTGATAGCCTTCGGCGTAAAGAGTGGTTAAGATTTTCACCTGACTAAAGCCGAACGACTTCAAAGCTGTTATACGCATATGAATAAATGAAACTCAATTACGAAAGTGGCTTTACCTTTCCTGACTCCACGAAAGCTAAGATA,169,marine,ホシササノハベラ
OTU00062,OTU00062,Eukaryota,Metazoa,Chordata,Craniata,Actinopterygii,Actinopteri,Neopterygii,Teleostei,Euteleosteomorpha,,,Tetraodontiformes,Tetraodontoidei,,Tetradontoidea,Tetraodontidae,,,Takifugu,,,,CACCGCGGTTATACGAGAGACCCAAGTTGTTAGCCAACGGCGTAAAGGGTGGTTAGAACTATAAACAACAAACTGAGACCGAACACCTTCAAGGCTGTTATACGCTTCCGAAGCAACGAAGAACAATAACGAAAGTAGCCTCACTAACTCGAACTCACGAAAGCTAGAGCA,171,indet,
OTU00063,OTU00063,Eukaryota,Metazoa,Chordata,Craniata,Actinopterygii,Actinopteri,Neopterygii,Teleostei,Euteleosteomorpha,,,Tetraodontiformes,Tetraodontoidei,,Tetradontoidea,Tetraodontidae,,,Takifugu,,Takifugu alboplumbeus,,CACCGCGGTTATACGAGAGACCCAAGTTGTTAGCCAACGGCGTAAAGGGTGGTTAGAACTATAAACAACAAACTGAGACCGAACACCTTCAAGGCTGTTATACGCTTCCGAAGCAACGAAGAACAATAACGAAAGTAGCCTCACTTACTCGAACCCACGAAAGCTAGGGCA,171,indet,
OTU00064,OTU00064,Eukaryota,Metazoa,Chordata,Craniata,Actinopterygii,Actinopteri,Neopterygii,Teleostei,Euteleosteomorpha,,,,,,,Malacanthidae,Latilinae,,Branchiostegus,,,,CACCGCGGTTATACGAGAGACCCAAGTTGTTAAATCACGGCGTAAAGAGTGGTTAAAATGTATTAAAAAATAGAGCCGAACACTTACAAAGTTGTTATAAGCACACGAAATTAAGAAGCCCAATCACGAAAGTGGCTTTATATAATTTGAACCCACGTAAGCTAGGACA,169,marine,アカアマダイ
OTU00065,OTU00065,Eukaryota,Metazoa,Chordata,Craniata,Actinopterygii,Actinopteri,Neopterygii,Teleostei,,,,STDseqs,STDseqs,STDseqs,STDseqs,STDseqs,STDseqs,STDseqs,STDseqs,,STD_Engraulis,,CACCGCGGTTATACGAGAGACCCTAGTTGAGGGTTTCGGCGTAAAGAGTGGTTATGCTGGCGTATCATTTAAAGCAGAATGAGTGCGCCACTGTTATACGGCGCCGATAAATCGAATACCGTTGACGAAAGTGACTTTACAGGGGCCACCTGGAAGCCACGAAAGCTGGGACA,173,std,
OTU00066,OTU00066,Eukaryota,Metazoa,Chordata,Craniata,Actinopterygii,Actinopteri,Neopterygii,Teleostei,Otomorpha,Clupei,,Clupeiformes,Clupeoidei,,,Engraulidae,Engraulinae,,Engraulis,,Engraulis japonicus,,CACCGCGGTTATACGAGAGACCCTAGTTGATTGAAGCGGCGTAAAGAGTGGTTATGGAATTTTCTACCCTAAAGCAGAAAACCTCTCAAACTGTTATACGCACCCAGAGGTTGAAACCCCTTACACGAAAGTGACTTTATTTTCGCCTACCAGAAGCCACGAAAGCTGGGACA,173,marine,カタクチイワシ
OTU00067,OTU00067,Eukaryota,Metazoa,Chordata,Craniata,Actinopterygii,Actinopteri,Neopterygii,Teleostei,Euteleosteomorpha,,,Gobiiformes,Gobioidei,,,Odontobutidae,,,Odontobutis,,Odontobutis obscura,,CACCGCGGTTATACGAGAGACTCAAGCTGATAGACACCGGCGTAAAGAGTGGTTAAAAAACAGTAAAACTAAAGCTAAACACCTTCAAGGCCGTTATACGCAACCGAAGACAGGAGAAACCCCCACGAAAGTGGCTTTAAAACCATTGAACCCACGAAGATTAGGATA,168,marine,ドンコ
OTU00068,OTU00068,Eukaryota,Metazoa,Chordata,Craniata,Actinopterygii,Actinopteri,Neopterygii,Teleostei,Euteleosteomorpha,,,Tetraodontiformes,,,Balistoidea,Monacanthidae,,,Rudarius,,Rudarius ercodes,,CACCGCGGTTATACGAGAGACTCAAGCTGTTAGACACCGGCGTAAAGAGTGGTTAAGAGCACAGACAAATTAAAGTCTAATACTCCCTCAGCTGTAAAAAGCAAAAGGGGGCTAGAAGCTCATCAACGAAAGTGACTTTATTAATTCTGAACCCACGTAAGCTAAGGCA,169,marine,アミメハギ
OTU00069,OTU00069,Eukaryota,Metazoa,Chordata,Craniata,Actinopterygii,Actinopteri,Neopterygii,Teleostei,Euteleosteomorpha,,,Blenniiformes,Blennioidei,,,Blenniidae,Blenniinae,,Omobranchus,,Omobranchus punctatus,,CACCGCGGTTATACGAGAGGCCCAAGCTGACAACCATCGGCGTAAAGCGTGGTTAAATTTTCTAATAAAATAAAGCCGAATGCTTTCTTAACTGTTATACGTACTCGAGAGCCAGAAGCCCCCCTACGAAAGTAGCTTTAATTATATTGAACCCACGAAAGCTAGGATA,169,marine,ナベカであろう
OTU00070,OTU00070,Eukaryota,Metazoa,Chordata,Craniata,Actinopterygii,Actinopteri,Neopterygii,Teleostei,Euteleosteomorpha,,,Syngnathiformes,Syngnathoidei,,,Syngnathidae,Syngnathinae,,Syngnathus,,Syngnathus schlegeli,,CACCGCGGTTATACGAGAGGCCCAAGCTGACAGAAACCGGCGTAAAGAGTGGTTAGGTGGTATTTAAACTAAAGCCAAACACTTTCCAAGCTGTTATACGCATCCGAGAGTATGAAAATCTCCTACGAAAGTGGCTTTAATATCCTGACTCCACGAAAGTTATGGAA,167,marine,ヨウジウオ
OTU00071,OTU00071,Eukaryota,Metazoa,Chordata,Craniata,Actinopterygii,Actinopteri,Neopterygii,Teleostei,Euteleosteomorpha,,,Blenniiformes,Blennioidei,,,Blenniidae,Blenniinae,,Omobranchus,,Omobranchus elegans,,CACCGCGGTTATACGAGAGGCCCAAGCTGACAGCCATCGGCGTAAAATGTGGTTAAATTAACTTAAGATAATAAAGTCGAATGCTCTCATAACTGTTATACGTACTCGAAAGCCAGAAGCTCCCCTACGAAAGTGACTTTAGAATTATTGAACCCACGAAAGCTAAGATA,170,indet,
OTU00072,OTU00072,Eukaryota,Metazoa,Chordata,Craniata,Actinopterygii,Actinopteri,Neopterygii,Teleostei,Euteleosteomorpha,,,Blenniiformes,Blennioidei,,,Blenniidae,Blenniinae,,Omobranchus,,,,CACCGCGGTTATACGAGAGGCCCAAGCTGACAGCCATCGGCGTAAAGCGTGGTTAAAATAATAACAAAATAAAGCCGAATGCTCCCTCAACTGTTATACGTTCTCGAGAGCCAGAAGACCCCTAACGAAAGTAGCTTTAATACTATTGAACCCACGAAAGCTAAGACA,168,indet,
OTU00073,OTU00073,Eukaryota,Metazoa,Chordata,Craniata,Actinopterygii,Actinopteri,Neopterygii,Teleostei,Euteleosteomorpha,,,Perciformes,Platycephaloidei,,,Platycephalidae,,,Platycephalus,,,,CACCGCGGTTATACGAGAGGCCCAAGCTGATAGACTACGGCGTAAAGAGTGGTTAAGATAAAACATACACTAAAGTCGAACGCCTTCAAAGCTGTTATACGCTTACGAAGCTAGCAGAAGCCCAACTACGAAAGTGACTTTAAACCCCCTGACTCCACGAAAGCTAGGAAA,171,marine,コチ
OTU00074,OTU00074,Eukaryota,Metazoa,Chordata,Craniata,Actinopterygii,Actinopteri,Neopterygii,Teleostei,Euteleosteomorpha,,,Perciformes,Cottioidei,Zoarcales,,Stichaeidae,Xiphisterinae,,Dictyosoma,,Dictyosoma burgeri,,CACCGCGGTTATACGAGAGGCCCAAGTTGAAAGACATCGGCGTAAAGAGTGGTTAAGTTAGAACTTAAACTAAAGCCGAACGTCCTCAAGGCTGTTATACGCACCCGAAGATGAGAAGTTCAACCACGAAGGTGGCTTTATTTAACCTGAACCCACGAAAGCTATGGCA,169,marine,ダイナンギンポ
OTU00075,OTU00075,Eukaryota,Metazoa,Chordata,Craniata,Actinopterygii,Actinopteri,Neopterygii,Teleostei,Euteleosteomorpha,,,Perciformes,Cottioidei,Zoarcales,,Zoarcidae,Neozoarcinae,,,,,,CACCGCGGTTATACGAGAGGCCCAAGTTGAAAGACCCCGGCGTAAAGAGTGGTTAAGTTAAAACTTAAACTAAAGTCGAACATCATCACGGCTGTTATACGCACCCGAAGATAAGAAGTTCAACCACGAAGGTGGCTTTATAAGATCTGAACCCACGAAAGCTACGGCG,169,indet,
OTU00076,OTU00076,Eukaryota,Metazoa,Chordata,Craniata,Actinopterygii,Actinopteri,Neopterygii,Teleostei,Euteleosteomorpha,,,Gobiiformes,Gobioidei,,,Gobiidae,Gobiinae,,Acentrogobius,,Acentrogobius virgatulus,,CACCGCGGTTATACGAGAGGCCCAAGTTGACAAAACTCGGCGTAAAGAGTGGTTAATGGATACTATACTAAAGCCGAACATCCTCAAGACTGTTATACGTGTTCGAGGACAGGAAGACCTCCGACGAAAGTGGCTTTAACAAACATGAACCCACGAAAGCTAGGGAA,167,marine,スジハゼ
OTU00077,OTU00077,Eukaryota,Metazoa,Chordata,Craniata,Actinopterygii,Actinopteri,Neopterygii,Teleostei,Euteleosteomorpha,,,Centrarchiformes,,,Centrarchoidei,Centrarchidae,,,Micropterus,,Micropterus salmoides,,CACCGCGGTTATACGAGAGGCCCAAGTTGACAAACCCCGGCGTAAAGAGTGGTTAAGAAAAATTTAAAACTAAAGCCGAATGCCCTCAAAGCTGTTATACGCACCCGAAGGTAAGAAGCCCAATCACGAAAGTGGCTTTACATTTCCCGAACCCACGAAAGCTATGAAA,169,freshwater,オオクチバス
OTU00078,OTU00078,Eukaryota,Metazoa,Chordata,Craniata,Actinopterygii,Actinopteri,Neopterygii,Teleostei,Euteleosteomorpha,,,Gobiiformes,Gobioidei,,,Gobiidae,Gobionellinae,,Rhinogobius,,,,CACCGCGGTTATACGAGAGGCCCAAGTTGACAAACGCCGGCGTAAAATGTGGCTATATACAGTATTACACTAAAGCTAAACATCTTCAAAGCTGTTATACGCACCCGAAGACAGGAGGCCCCTCCACGAAAGTGGCTTTAAACAACATTAGCCCACGAAAGCTAGGAAA,169,both,ヨシノボリ属
OTU00079,OTU00079,Eukaryota,Metazoa,Chordata,Craniata,Actinopterygii,Actinopteri,Neopterygii,Teleostei,Euteleosteomorpha,,,Gobiiformes,Gobioidei,,,Gobiidae,Gobionellinae,,Pterogobius,,,,CACCGCGGTTATACGAGAGGCCCAAGTTGACAGATGCCGGCGTAAAATGTGGTCAATATACTAATATACTAAAGCCAAACATCTTCAGGGCTGTTATACGCTATCGGAGACAGGAGATTCTTCCACGAAAGTGACTTTAAATAATATTATTCCACGAAAGTCAGGGAA,168,marine,キヌバリ
OTU00080,OTU00080,Eukaryota,Metazoa,Chordata,Craniata,Actinopterygii,Actinopteri,Neopterygii,Teleostei,Euteleosteomorpha,,,Gobiiformes,Gobioidei,,,Gobiidae,Gobionellinae,,Tridentiger,,,,CACCGCGGTTATACGAGAGGCCCAAGTTGACAAATGCCGGCGTAAAATGTGGTTTATACAGTATTGCACTAAAGCTAAACTTCTTCAAAGCTGTCATACGCACTCGAAGAAAAGAGGACCTTCCACGAAAGTGGCTTTAAATAATATTAACCCACGAAAGCTAGGAAA,168,both,チチブ属は淡水魚を含みアカオビシマハゼは海水魚
OTU00081,OTU00081,Eukaryota,Metazoa,Chordata,Craniata,Actinopterygii,Actinopteri,Neopterygii,Teleostei,Euteleosteomorpha,,,,,,,Sphyraenidae,,,Sphyraena,,Sphyraena pinguis,,CACCGCGGTTATACGAGAGGCCCAAGTTGACAACCGACGGCGTAAAGCGTGGTTAGGGGAAATATAAACTAAAGCCGAACGCCCCCAATGCTGTCTAATGCTTCGAGGGTATGAAGAACATCGACGAAAGTGGCTTTATGACACCTGAACCCACGAAAGCTGGGAAA,167,marine,アカカマス
OTU00082,OTU00082,Eukaryota,Metazoa,Chordata,Craniata,Actinopterygii,Actinopteri,Neopterygii,Teleostei,Euteleosteomorpha,,,Gobiiformes,Gobioidei,,,Gobiidae,Gobionellinae,,,,,,CACCGCGGTTATACGAGAGGCCCAAGTTGACAACTACCGGCGTAAAATGTGGCTAATATAGTATTACACTAAAGCTAAACATCTTCAAAGCTGTTATACGCATCCGAAGACAGGATGCCCTTCCACGAAAGTGGCTTTAAACAATATTAACCCACGAAAGCTAGGAAA,168,indet,
OTU00083,OTU00083,Eukaryota,Metazoa,Chordata,Craniata,Actinopterygii,Actinopteri,Neopterygii,Teleostei,Euteleosteomorpha,,,Perciformes,Cottioidei,Zoarcales,,Stichaeidae,Stichaeinae,,,,,,CACCGCGGTTATACGAGAGGCCCAAGTTGACAGACATCGGCGTAAAGAGTGGTTAAGTTAAAATCTATACTAAAGCCGAACGTCCTCAAGGCTGTTATACGCACCCGAAGATAAGAAGTTCAACCACGAAGGTGGCTTTATTTAATCTGAACCCACGAAAGCTACGGCG,169,indet,
OTU00084,OTU00084,Eukaryota,Metazoa,Chordata,Craniata,Actinopterygii,Actinopteri,Neopterygii,Teleostei,Euteleosteomorpha,,,Perciformes,Cottioidei,Zoarcales,,,,,,,,,CACCGCGGTTATACGAGAGGCCCAAGTTGACAGACAGCGGCGTAAAGAGTGGTTAAGTTAAAATTGTACTAAAGCCGAACACCCTCCAGGCTGTTATACGCATCCGAAGGTAAGAAGTTCAACCACGAAGGTGGCTTTATTTAGTCTGAACCCACGAAAGCTACGACA,168,indet,
OTU00085,OTU00085,Eukaryota,Metazoa,Chordata,Craniata,Actinopterygii,Actinopteri,Neopterygii,Teleostei,Euteleosteomorpha,,,Gobiiformes,Gobioidei,,,Gobiidae,Gobionellinae,,Gymnogobius,,Gymnogobius scrobiculatus,,CACCGCGGTTATACGAGAGGCCCAAGTTGACAGATACCGGCGTAAAATGTGGTTACAGCGTATCAGACTAAAGCTAAACATCTTCCGAGCTGTTATACCCATATGAAGACAGGAGACCCCTTTACGAAAGTAGCTTTAAAAATGCTAATCCACGAAAGCTAGAAAA,166,both,クボハゼ
OTU00086,OTU00086,Eukaryota,Metazoa,Chordata,Craniata,Actinopterygii,Actinopteri,Neopterygii,Teleostei,Euteleosteomorpha,,Atherinomorphae,Atheriniformes,,,,Atherinidae,Atherininae,,Hypoatherina,,,,CACCGCGGTTATACGAGAGGCCCAAGTTGACAGCCACCGGCGTAAAGAGTGGTTAAGAGATAATGAAAACTAAAGCCGAACACTCTCAGGACTGTTATACGTGTCCGAGAGCAAGAAGCTCCCCTACGAAAGTGGCTTTAACCCTTCCGAACCCACGAAAGTTGGGAAA,169,marine,ギンイソイワシ属
OTU00087,OTU00087,Eukaryota,Metazoa,Chordata,Craniata,Actinopterygii,Actinopteri,Neopterygii,Teleostei,Euteleosteomorpha,,,Gobiiformes,Gobioidei,,,Gobiidae,,,,,,,CACCGCGGTTATACGAGAGGCCCAAGTTGACTAAAATCGGCGTAAAGAGTGGTTAATGGTCTTTTTACTAGGGCCGAACATCTTCAAGGCTGTCATACGCACCCGAGGACAGGAAGAACCCCCACGAAAGTGGCCCTAACAAGCATGAACCCACGAAAGCTAGGGAA,167,indet,
OTU00088,OTU00088,Eukaryota,Metazoa,Chordata,Craniata,Actinopterygii,Actinopteri,Neopterygii,Teleostei,Euteleosteomorpha,,,Aulopiformes,Aulopoidei,,,Synodontidae,Harpadontinae,,Saurida,,Saurida wanieso,,CACCGCGGTTATACGAGAGGCCCAAGTTGATAAACACCGGCGTAAAGTGTGGTTAGGATTTTCCCCACTAAAGTTAAACACTCCCAGAACTGTTATACGCTCCCGGGAGCAGGAAACCCAGCAACGAAAGTGACTTTAAACCTCCGACCCCACGACAGCTATGACA,166,marine,ワニエソとあるがマエソではないか
OTU00089,OTU00089,Eukaryota,Metazoa,Chordata,Craniata,Actinopterygii,Actinopteri,Neopterygii,Teleostei,Euteleosteomorpha,,,Centrarchiformes,,,Cirrhitioidei,Cheilodactylidae,,,Cheilodactylus,,,,CACCGCGGTTATACGAGAGGCCCAAGTTGATAAACCCCGGCGTAAAGAGTGGTTAAGATAGATTAAACACTAAGGCCGAACGCCCCCTAGGCTGTTATACGCATCCGGGGGTAAGAAGTTCAACCACGAAAGTGGCCTTATACTCCCTGAACCCACGAAAGCTAGGATA,169,marine,ユウダチタカノハ
OTU00090,OTU00090,Eukaryota,Metazoa,Chordata,Craniata,Actinopterygii,Actinopteri,Neopterygii,Teleostei,Euteleosteomorpha,,,Gobiiformes,Gobioidei,,,Gobiidae,Gobionellinae,,Chaenogobius,,Chaenogobius gulosus,,CACCGCGGTTATACGAGAGGCCCAAGTTGATAAATGCCGGCGTAAAATGTGGTTAATATAATGTTTCACTAAAGCCAAACATCTTCAGAGCTGTCATACCCACATGAAGACAGGAAGCCCTTCTACGAAAGTGGCTTTAAATAGTATTATCCACGAAAGCTAGGATA,167,marine,ドロメ
OTU00091,OTU00091,Eukaryota,Metazoa,Chordata,Craniata,Actinopterygii,Actinopteri,Neopterygii,Teleostei,Euteleosteomorpha,,,Centrarchiformes,,,Terapontoidei,Girellidae,,,Girella,,Girella punctata,,CACCGCGGTTATACGAGAGGCCCAAGTTGATAAGGTACGGCGTAAAGAGTGGTTAAGATTAGCTAAATACTAAAGCCGAATGCCCTCAAAGCTGTTATACGCCCCCGAAGGTAAGAAGACCAACCACGAAAGTGACTTTACATTACTGAACCCACGAAAGCTAGGTTA,168,marine,メジナ
OTU00092,OTU00092,Eukaryota,Metazoa,Chordata,Craniata,Actinopterygii,Actinopteri,Neopterygii,Teleostei,Euteleosteomorpha,,,Perciformes,Cottioidei,Hexagrammales,,Hexagrammidae,,,Hexagrammos,,,,CACCGCGGTTATACGAGAGGCCCAAGTTGATAGACACCGGCGTAAAGAGTGGTTAAGTTAAAACCTCACACTAAAGCCAAACATCTTCAAGACTGTTATACGCAACCGAAGACAGGAAGTTCAACCACGAAAGTGGCTTTATTTGATCTGAACCCACGAAAGCTACGGAA,170,marine,クジメ
OTU00093,OTU00093,Eukaryota,Metazoa,Chordata,Craniata,Actinopterygii,Actinopteri,Neopterygii,Teleostei,Euteleosteomorpha,,,Pempheriformes,,,,Lateolabracidae,,,Lateolabrax,,Lateolabrax japonicus,,CACCGCGGTTATACGAGAGGCCCAAGTTGATAGTCACCGGCGTAAAGGGTGGTTAGGATAAAATTAAAGACTAAAGCCGAACACCTTCAAGGCTGTTATACGCACCCGAAAGTAAGAAGCTCAATCACGAAAGTGGCTTTACTCCTTCCGAATCCACGAAAACTAGGACA,170,marine,スズキ
OTU00094,OTU00094,Eukaryota,Metazoa,Chordata,Craniata,Actinopterygii,Actinopteri,Neopterygii,Teleostei,Euteleosteomorpha,,,Blenniiformes,Blennioidei,,,Blenniidae,Salariinae,,Entomacrodus,,,,CACCGCGGTTATACGAGAGGCCCAAGTTGATAGACCTTCGGCGTAAAGTGTGGTTAGAACAACAAGGAACTAAAGCCAAACGCTCTCAAAACTGTTATACGCGCTTGAGAGTCAGAAGCCCCACCACGAAAGTGGCTTTACATCATTGAACCCACGAAAGCTAAGACA,168,marine,イソギンポ
OTU00095,OTU00095,Eukaryota,Metazoa,Chordata,Craniata,Actinopterygii,Actinopteri,Neopterygii,Teleostei,Euteleosteomorpha,,,Centrarchiformes,,,Terapontoidei,Oplegnathidae,,,Oplegnathus,,,,CACCGCGGTTATACGAGAGGCCCAAGTTGATAGACTCCGGCGTAAAGCGTGGTTAAGACAAATTTTAAACTAAAGCCGAACGCCCTCAGAGCTGTTATACGCTCCCGAGGGTAAGAAGCCCAATCACGAAAGTGGCTTTATACCAACTGAACCCACGAAAGCTATGACA,169,marine,イシダイ
OTU00096,OTU00096,Eukaryota,Metazoa,Chordata,Craniata,Actinopterygii,Actinopteri,Neopterygii,Teleostei,Euteleosteomorpha,,,Blenniiformes,Blennioidei,,,Tripterygiidae,Tripterygiinae,,Enneapterygius,,Enneapterygius etheostomus,,CACCGCGGTTATACGAGAGGCCCAAGTTGATAGTATTCGGCGTAAAGAGTGGTTAAACTAGACTTAAGCTAAAGCCGAACTCCCTCATGGCTGTTATACGCACCCGAGGGTAAGAAGCCCCTCCACGAAAGTGGCTTTAATAATTTTGATCCCACGAAAGCTGAGAAA,168,marine,ヘビギンポ
OTU00097,OTU00097,Eukaryota,Metazoa,Chordata,Craniata,Actinopterygii,Actinopteri,Neopterygii,Teleostei,Euteleosteomorpha,,,Aulopiformes,Aulopoidei,,,Synodontidae,Harpadontinae,,Saurida,,,,CACCGCGGTTATACGAGAGGCCCGAGTTGATAAACATCGGCGTAAAGTGTGGTTAGGATTTTTCCCACTAAAGTTAAACACCCCCAGAACTGTTATACGCTCCCGGGGACAGGAAGCCCAGCAGCGAAAGTGACTTTAAACCTCCGACCCCACGACAGCTATGACA,166,indet,
OTU00098,OTU00098,Eukaryota,Metazoa,Chordata,Craniata,Actinopterygii,Actinopteri,Neopterygii,Teleostei,Euteleosteomorpha,,,Aulopiformes,Aulopoidei,,,Synodontidae,Harpadontinae,,Saurida,,,,GGGGGGAAAACTCGTGCCAGCCACCGCGGTTATACGAGAGGCCCGAGTTGATAAACATCGGCGTAAAGTGTGGTTAGGATTTTTCCCACTAAAGTTAAACACCCCCAGAACTGTTATACGCTCCCGGGGACAGGAAGCCCAGCAGCGAAAGTGACTTTAAACCTCCGACCCCACGACAGCTATGACA,187,indet,
OTU00099,OTU00099,Eukaryota,Metazoa,Chordata,Craniata,Actinopterygii,Actinopteri,Neopterygii,Teleostei,Otomorpha,Ostariophysi,Cypriniphysae,Cypriniformes,Cobitoidei,,,Nemacheilidae,,,Lefua,,Lefua torrentis,,CACCGCGGTTATACGAGAGGCCCTAATTGATAGATGCCGGCGTAAAGGGTGGTTAAGGAAAGCAAAAATAAAGCCAAAGGGCCTCTTGGCCGTCATACGCTTACTGAGTGTCCGAAGCCCAAAAACGAAAGTAGCTTTAACATAGCCCACCTGACCCCACGAAAGCTGAGAAA,173,freshwater,ナガレホトケドジョウは舞鶴湾の流入河川に生息
OTU00100,OTU00100,Eukaryota,Metazoa,Chordata,Craniata,Actinopterygii,Actinopteri,Neopterygii,Teleostei,Otomorpha,Ostariophysi,Cypriniphysae,Cypriniformes,Cobitoidei,,,Cobitidae,Cobitinae,,Misgurnus,,Misgurnus anguillicaudatus,,CACCGCGGTTATACGAGAGGCCCTAGTTGATGGACACGGCGTAAAGGGTGGTTAAGGTCCAATACAAATAAAGCCAAAAGACCTCTTGGCTGTCATACGCCCCTGAGTTCCCGAAGCCCACGTACGAAAGTAGCTTTAATATTATTCACCTGACCCCACGAAAGCTGAGAAA,172,freshwater,ドジョウ
OTU00101,OTU00101,Eukaryota,Metazoa,Chordata,Craniata,Actinopterygii,Actinopteri,Neopterygii,Teleostei,Euteleosteomorpha,,Atherinomorphae,Beloniformes,Belonoidei,,,Exocoetidae,,,,,,,CACCGCGGTTATACGAGAGGCCTAAGTTGACAGACAACGGCGTAAAGAGTGGTTAAGGAAAAATTTATACTAAAGCCGAACATCCTCAAGACTGTCGTACGTTTCCGAGGATATGAAGTCCCCCTACGAAAGTGGCTTTAACTCTCCTGACCCCACGAAAGCTGTGACA,169,indet,
OTU00102,OTU00102,Eukaryota,Metazoa,Chordata,Craniata,Actinopterygii,Actinopteri,Neopterygii,Teleostei,Euteleosteomorpha,,,Carangiformes,,,,Carangidae,,,Seriola,,Seriola quinqueradiata,,CACCGCGGTTATACGAGAGGCCTAAGTTGACAGACAGCGGCGTAAAGAGTGGTTAAGGAAAACACAAAACTAAAGCCGAACGCCTTCAGAACTGTCATACGTTTTCGAAGGTATGAAGCCCAACCACGAAAGTGGCTTTATCCCCCCCCCCTGAACCCACGAAAGCTAAGAAA,173,marine,ブリ
OTU00103,OTU00103,Eukaryota,Metazoa,Chordata,Craniata,Actinopterygii,Actinopteri,Neopterygii,Teleostei,Euteleosteomorpha,,Atherinomorphae,Beloniformes,Belonoidei,,,Hemiramphidae,,,Hyporhamphus,,,,CACCGCGGTTATACGAGAGGCCTAAGTTGATAAGCATCGGCGTAAAGAGTGGTTAGGGGAAAACATAAACTAAAGCCGAACGCCCTCAAGGCTGTGATACGTCTACGAGGGTAAGAAGCTCTTCCACGAAAGTGGCTTTAACCGACCTGACCCCACGAGAGCTGAGGTA,169,marine,サヨリ
OTU00104,OTU00104,Eukaryota,Metazoa,Chordata,Craniata,Actinopterygii,Actinopteri,Neopterygii,Teleostei,Euteleosteomorpha,,,Carangiformes,,,,Carangidae,,,Trachurus,,,,CACCGCGGTTATACGAGAGGCTCAAGTTGACAGACAACGGCGTAAAGAGTGGTTAAGGAAAACATTCAACTAAAGCGGAACCCCCTCATTGCTGTTATACGCTTCCGAGGGAATGAACCCCAACTACGAAGGTGGCTTTATATTAACCTGAACCCACGAAAGCTAAGAAA,170,marine,マアジ
OTU00105,OTU00105,Eukaryota,Metazoa,Chordata,Craniata,Actinopterygii,Actinopteri,Neopterygii,Teleostei,Euteleosteomorpha,,,Gobiiformes,Gobioidei,,,Gobiidae,Gobionellinae,,Luciogobius,,,,CACCGCGGTTATACGAGAGGCTCAAGTTGATAAATACCGGCGTAAAATGTGGTTAACATATTTTTATACTAAAGCTAAACATCTTCAAAGCTGTTATACTCACACGAAGACAGGAAAACCTTCTACGAAAGTGGCTTTAAATTAATGCTAACCCACGAAAACTAGGAAA,169,marine,ミミズハゼ
OTU00106,OTU00106,Eukaryota,Metazoa,Chordata,Craniata,Actinopterygii,Actinopteri,Neopterygii,Teleostei,Euteleosteomorpha,,,Centrarchiformes,,,Terapontoidei,Terapontidae,,,Rhynchopelates,,Rhynchopelates oxyrhynchus,,CACCGCGGTTATACGAGAGGCTCAAGTTGATAGACTACGGCGTAAAGCGTGGTTAAGGAAAACTATAAAACTAAAGCCGAATGCCCTCAGAGCTGTTATACGCTCATGATGGTTAGAAGCCCAATTACGAAAGTAGCTTTACACAACCTGAACCCACGAAAGCTATGGCA,170,marine,シマイサキ
OTU00107,OTU00107,Eukaryota,Metazoa,Chordata,Craniata,Actinopterygii,Actinopteri,Neopterygii,Teleostei,Euteleosteomorpha,,,Centrarchiformes,,,Centrarchoidei,Centrarchidae,,,Lepomis,,Lepomis macrochirus,,CACCGCGGTTATACGAGAGGCTCAAGTTGATGAACCCCGGCGTAAAGAGTGGTTAAGAGAGATCAAAACTAAAGCCGAATGCTTTCAAAGCTGTTATACGCTTCCGAAAGTAAGAAGCCCAATCACGAAAGTGGCTTTACTTTACCTGACCCCACGAAAGCTACGACA,168,freshwater,ブルーギル
OTU00108,OTU00108,Eukaryota,Metazoa,Chordata,Craniata,Actinopterygii,Actinopteri,Neopterygii,Teleostei,Otomorpha,Clupei,,Clupeiformes,Clupeoidei,,,Clupeidae,Clupeinae,,Sardinella,,,,CACCGCGGTTATACGAGAGGCTCGAGTTGATAATCTCGGCGTAAAGAGTGGTTATGGAGAAGACTAAACTAAAGCTGAAGACCCCCCAGGCTGTTTAACGCATGCGGGTGTTCGAACCACTTATACGAAAGTAGCTTTAACGCATTCCACCAGAATCCACGACAGCTGGGAAA,173,marine,サッパ？
OTU00109,OTU00109,Eukaryota,Metazoa,Chordata,Craniata,Actinopterygii,Actinopteri,Neopterygii,Teleostei,Euteleosteomorpha,,Atherinomorphae,Beloniformes,Adrianichthyoidei,,,Adrianichthyidae,Oryziinae,,Oryzias,,Oryzias latipes,,CACCGCGGTTATACGAGAGGTTCAAGCTGATAGATAACGGCGTAAAGAGTGGTTAATTTAAAAGAGAAGCTAAAGTGGAATGTTTTCAAAGCTGTTATACGCACCCGAAAATAAGAAGACCAAGAACGAAAGTAACTTTAACTTTATGAGTCCACGAAAACTATGAAA,168,freshwater,ミナミメダカ
OTU00110,OTU00110,Eukaryota,Metazoa,Chordata,Craniata,Actinopterygii,Actinopteri,Neopterygii,Teleostei,Euteleosteomorpha,,,,,,,Embiotocidae,,,Ditrema,,,,CACCGCGGTTATACGAGCGACCCAAGTTGATAGATAACGGCGTAAAGAGTGGTTAAGATACTAACAAACTAAAGCCGAACACCTTCAGAACTGTTATACGTTTTTGAAGATAAGAAGTTCTATTACGAAAGTGGCTTTACTAGCCCTGACCCCACGAAAGCTGTGAAA,168,marine,ウミタナゴ
OTU00111,OTU00111,Eukaryota,Metazoa,Chordata,Craniata,Actinopterygii,Actinopteri,Neopterygii,Teleostei,Euteleosteomorpha,,,Gobiiformes,Gobioidei,,,Gobiidae,Ptereleotrinae,,Parioglossus,,Parioglossus dotui,,CACCGCGGTTATACGAGCGGCCCGAGTTGACAAACATCGGCGTAAAGGGTGGTTAACGCATAAAAAACTAAGGCCGAACACCTTCACGGCTGTCACACGCATCCGAAGGTAGGAAGAACCCCTACGAAAGTGGCCTTAACCACTTATGAATCCACGAAAGCTAGGAGA,168,marine,サツキハゼ
OTU00112,OTU00112,Eukaryota,Metazoa,Chordata,Craniata,Actinopterygii,Actinopteri,Neopterygii,Teleostei,Otomorpha,Clupei,,Clupeiformes,Clupeoidei,,,Clupeidae,Clupeinae,,Sardinops,,Sardinops melanostictus,,CACCGCGGTTATACGAGGGACCCTAGTTGATTTAATCGGCGTAAAGAGTGGTTATGGAGAATAAGAAACTAAAGCCGAAGACCTCTTAGGCCGTCATACGTACCTAGAGGCTCGAATAACAAACACGAAAGTAGCTTTACCCCTTCCTGCCAGAACCCACGAGAGCTGGGATA,173,marine,マイワシ
OTU00113,OTU00113,Eukaryota,Metazoa,Chordata,Craniata,Actinopterygii,Actinopteri,Neopterygii,Teleostei,Euteleosteomorpha,,,STDseqs,STDseqs,STDseqs,STDseqs,STDseqs,STDseqs,STDseqs,STDseqs,,STD_lateolabrax,,CACCGCGGTTATACGAGGGGCCCAAGTTGAATATAAACGGCGTAAAGGGTGGTTAAGCCACACCCTACTGGTAAAGCCGAATCTCGCTCACGCTGTTATACGTGAGCCATATCGAGAAAGACTCCAACGAAAGTGGCTTTACCACATTTGAACCTACGAAAGCTGGGGCA,170,std,
OTU00115,OTU00115,Eukaryota,Metazoa,Chordata,Craniata,Actinopterygii,Actinopteri,Neopterygii,Teleostei,Euteleosteomorpha,,,Gobiiformes,Gobioidei,,,Gobiidae,Gobionellinae,,Chaenogobius,,Chaenogobius annularis,,CACCGCGGTTATACGAGGGGCCCAAGTTGATAAACGCCGGCGTAAAATGTGGTTAATATAGTATTGCACTAAAGCCAAACATCTTCAAAGGTGTTATACCCATATGAAGACAGGAAGCACTTCCACGAAAGTGGCTTTAAATAATGTTATCCACTAAAGCTAGGAGA,167,marine,アゴハゼ
OTU00116,OTU00116,Eukaryota,Metazoa,Chordata,Craniata,Actinopterygii,Actinopteri,Neopterygii,Teleostei,Euteleosteomorpha,,,Gobiiformes,Gobioidei,,,Gobiidae,Gobionellinae,,Acanthogobius,,Acanthogobius flavimanus,,CACCGCGGTTATACGAGGGGCCCAAGTTGATAGACACCGGCACAAAATGTGGTAAGTACAAAAAGATACTAAAGCCGAACGCCTTCAAGACTGTTATAAGTTTTCGAAAATAGGAAGCCTACCCACGAAAGTGGCTTTAAGATATATGATCCACGAAAGCTAGGGTA,167,both,マハゼ
OTU00117,OTU00117,Eukaryota,Metazoa,Chordata,Craniata,Actinopterygii,Actinopteri,,,,,,STDseqs,STDseqs,STDseqs,STDseqs,STDseqs,STDseqs,STDseqs,STDseqs,,STD_Anguilla,,CACCGCGGTTATACGAGGGGCTCAAATTGAGTTGTGGCGGCGTAAAGCGTGATTATTGACCTCATCTCGTAAAGCCAAATTTCCGCGTAGCTGTCATACGAAGTACCGGCTGGGGAAACTCAGGGACGAAAGTGGCTTTAGGTAGGAGGAACCCACGACAGTTGAGAAA,169,std,
OTU00118,OTU00118,Eukaryota,Metazoa,Chordata,Craniata,Actinopterygii,Actinopteri,Neopterygii,Teleostei,Euteleosteomorpha,,,Osmeriformes,,,,Plecoglossidae,,,Plecoglossus,,Plecoglossus altivelis,,CACCGCGGTTATACGAGTGGCCCAAGTTGAAAGTTACCGGCGTAAAGAGTGGTTAGGGAAACAAAAAACTAAAGCCGAACACCCTCCAGGCCGTTATACGCTTCTGAGGGCACGAAGCTCCACTACGAAAGTGGCTTTAACACACCTGAACCCACGACAACTAAGATA,168,both,アユ
OTU00119,OTU00119,Eukaryota,Metazoa,Chordata,Craniata,Actinopterygii,Actinopteri,Neopterygii,Teleostei,Euteleosteomorpha,,,,,,,Sillaginidae,,,Sillago,,,,CACCGCGGTTATACGAGTTGGCTCAAGTTGATAGACGCGGCGTAAAGCGTGGTTAGGGGAATAACAACTAAAGTCGAATTGCCTCCTAGCAGTTATACGCTCACGAGGGCTTAGAAGCACAACCACGAAAGTAGCTTTAACAAACCTGACTCCACGAAAGCTAAGGCA,168,marine,シロギス
OTU00120,OTU00120,Eukaryota,Metazoa,Chordata,Craniata,Actinopterygii,Actinopteri,Neopterygii,Teleostei,Euteleosteomorpha,,,Scombriformes,,,,Scombridae,Scombrinae,Scombrini,Scomber,,,,CACCGCGGTTATACGATAGGCCCAAGTTGACAGACCCCGGCGTAAAGCGTGGTTAGGGAAAACTCAAAACTAAAGCCGAATATCTTCAGGGCAGTTATACGCTTCCGAAGACACGAAGCCCTTCCACGAAAGTGACTTTATTACCCCCGACCCCACGAAAGCTAGGACA,169,marine,マサバ
OTU00121,OTU00121,Eukaryota,Metazoa,Chordata,Craniata,Actinopterygii,Actinopteri,Neopterygii,Teleostei,Euteleosteomorpha,,,Gobiiformes,Gobioidei,,,Gobiidae,Gobionellinae,,Tridentiger,,,,CACCGCGGTTATACGGGAGACCCAAGTTGACAAACGTCGGCGTAAAACGTGGTTTATTACATTATTACACTAAAGCTAAACCTCTTCAAGACTGTTGTACGTGTTCGAAAGAGAGAGAATCTTCTACGAAAGTGGCTTTAAATACTATGAACCCACGAAAGCTAGGAAA,169,indet,
OTU00122,OTU00122,Eukaryota,Metazoa,Chordata,Craniata,Actinopterygii,Actinopteri,Neopterygii,Teleostei,Euteleosteomorpha,,,Gobiiformes,Gobioidei,,,Gobiidae,Gobionellinae,,Tridentiger,,Tridentiger trigonocephalus,,CACCGCGGTTATACGGGAGACCCAAGTTGACAAACGTCGGCGTAAAATGTGGTTTATACAGTATTGCACTAAAGCTAAACTTCTTCAAGGCTGTTATACGCATTCGAAAGAAAGAGAATCTTCAACGAAAGTGGCTTTAAACATTATGAACCCACGAAAGCTAGGAAA,168,indet,
OTU00123,OTU00123,Eukaryota,Metazoa,Chordata,Craniata,Actinopterygii,Actinopteri,Neopterygii,Teleostei,Euteleosteomorpha,,,Gobiiformes,Gobioidei,,,Gobiidae,Gobionellinae,,Tridentiger,,Tridentiger trigonocephalus,,CACCGCGGTTATACGGGAGACCCAAGTTGGCAAACGTCGGCGTAAAATGTGGTTTATACAGTATTGCACTAAAGCTAAACTTCTTCAAGGCTGTTATACGCATTCGAAAGAAAGAGAATCTTCAACGAAAGTGGCTTTAAACATTATGAACCCACGAAAGCTAGGAAA,168,NA,NA
OTU00124,OTU00124,Eukaryota,Metazoa,Chordata,Craniata,Actinopterygii,Actinopteri,Neopterygii,Teleostei,Euteleosteomorpha,,,Spariformes,,,,Sparidae,,,Acanthopagrus,,,,CACCGCGGTTATACGGGAGGCCCAAGTTGCTAGGAGTCGGCGTAAAGGGTGGTTAAGAACAAAACTAAAATTAAAGTCGAACATCTTCCGAGCTGTTATACGCATCCGAAGGTAAGAAGCTCAAATGCGAAAGTAGCTTTATATCTTCTAAAAAGAAAAAAGCTGAAATA,170,indet,
OTU00125,OTU00125,Eukaryota,Metazoa,Chordata,Craniata,Actinopterygii,Actinopteri,Neopterygii,Teleostei,Euteleosteomorpha,,,Spariformes,,,,Sparidae,,,Acanthopagrus,,,,CACCGCGGTTATACGGGAGGCCCAAGTTGCTAGGAGTCGGCGTAAAGGGTGGTTAAGAACAAAACTAAAATTAAAGTCGAACATCTTCCGAGCTGTTATACGCATCCGAAGGTAAGAAGCTCAAATGCGAAAGTAGCTTTATATCTTCTAAATTTATAAAAATTGAAATA,170,indet,
OTU00126,OTU00126,Eukaryota,Metazoa,Chordata,Craniata,Actinopterygii,Actinopteri,Neopterygii,Teleostei,Euteleosteomorpha,,,Spariformes,,,,Sparidae,,,,,,,CACCGCGGTTATACGGGAGGCCCAAGTTGTTAAAAATCGGCGTAAAGGGTGGTTAAGAGCAAGCTTAAAATTAAAGCCGAACGCCTTCTAGGCTGTTATACGCATCCGAAGGTAAGAAGCCCAATCACGAAAGTAGCTTTATATTTTCTGACCCCACGAAAGCTAAGATA,170,indet,
OTU00127,OTU00127,Eukaryota,Metazoa,Chordata,Craniata,Actinopterygii,Actinopteri,Neopterygii,Teleostei,Euteleosteomorpha,,,Spariformes,,,,Sparidae,,,,,,,CACCGCGGTTATACGGGAGGCCCAAGTTGTTAGAAATCGGCGTAAAGGGTGGTTAAGAACAAGCTTGACACTAAAGCCGAACGCCTTCCGGGCTGTTATACGCATCCGAAGGTAAGAAGTTCAATTACGAAAGTAGCTTTATATATTCTGACCCCACGAAAGCTAAGACA,170,indet,
OTU00128,OTU00128,Eukaryota,Metazoa,Chordata,Craniata,Actinopterygii,Actinopteri,Neopterygii,Teleostei,Euteleosteomorpha,,,Tetraodontiformes,,,Balistoidea,Monacanthidae,,,Stephanolepis,,,,CACCGCGGTTATACGGGGGGCCCAAGCTGATAGACACCGGCGTAAAGCGTGGTTAGGAATATTTAATACAATTAAAGCCGAATGCTTTCAAGGCTGTTATACGCATCCGAAAGCTAGAAGTACAACTACGAAGGTGGCTTTATAACTTCTGAACCCACGAAAGCTAAGAAA,171,marine,カワハギ
OTU00129,OTU00129,Eukaryota,Metazoa,Chordata,Craniata,Actinopterygii,Actinopteri,Neopterygii,Teleostei,Euteleosteomorpha,,,Gobiiformes,Gobioidei,,,Gobiidae,,,,,,,CGCCGCGGTTATACGAGAGGCCCAAGTTGATAACCGCCGGCGTAAAAGGTGGAACTACGAAGAAGAAAAATAAAGCCGAATGCCCTCAAGACTGTTATAAGTTTTCGAGGAATAGAAGCCTACCAACGAAAGTGGCTTTAAAAACTGTATAATCCACGAAAGCTAGGGAA,170,indet,
OTU00130,OTU00130,Eukaryota,Metazoa,Chordata,Craniata,Actinopterygii,Actinopteri,Neopterygii,Teleostei,Euteleosteomorpha,,,Blenniiformes,Blennioidei,,,Blenniidae,Salariinae,,Parablennius,,Parablennius yatabei,,CGCGGTAAGACGGAGGATGCAAGTGTTATCCGGAATCACTGGGCGTAAAGCGTGGTTAGAATAGAAAGATAAATTAAAGCCGAATGCTCCCTAAGCTGTTATACGCTCTCGAGAGCTAGAAGATCTTTTACGAAAGTAGCTTTATTACATTGAATCCACGAAAGCTAAGATA,172,marine,イソギンポ
OTU00131,OTU00131,,,,,,,,,,,,,,,,,,,,,,,CGTGTTTGGAGTCACGCAGGAGCCCTTCATTGTCTTTACATCCAACATCTTTGCTATAGCCGGATTAAGGTCGTTATTTGGAGTATTATCTCAAGCAGTAGCAGATTTGAAGTATTTGGAGAAAGCTGTAGGAGTAGTGCTGGCAGTCATCAGTGC,156,indet,
OTU00132,OTU00132,,,,,,,,,,,,,,,,,,,,,,,CTCGTGGCGGGCCAAAGAACAGGAATGGCCTGACTACAACCAAAACGAGGTCAGAGAACCCTACAGGAGACCAGAGAAGCAGCCGGCTGTGACGACGTTCCCCTATCTGCCTCCCCCGCCAGAGATGATGGAGATGACCGAGATGACTGGGAGTCGAACCCTGTTGCCAGTGGATGTCCC,180,indet,
OTU00133,OTU00133,,,,,,,,,,,,,,,,,,,,,,,GGTCAACGCCAAAAAATGCACGTTAAACGATGCCTAGTTTAGTTTGTTAGTTTTGATTGCTATACTTTCATCACCTCTCTTTTGGAAACCTCCATTACGAAATAACTTTTTCTGAGGAATTTTTATTTACATATTATTACACGTAACTACT,151,indet,
OTU00134,OTU00134,Eukaryota,Metazoa,Chordata,Craniata,Actinopterygii,Actinopteri,Neopterygii,Teleostei,Otomorpha,Ostariophysi,Cypriniphysae,Cypriniformes,Cyprinoidei,,,Acheilognathidae,,,,,,,TACCGCGGTTAAACGAGAGGCCCCAGTTGATAATCCCGCGGCGTAAAGGGTGGTCAAGGGCTGCAACCTAATAAAGCCAAATAGCCCTCCGGCCGTCATACGCTTCCAGGCGCTAGAAGCCCAATTACACGAAGGTAGCTTTAGTGATATTCACCTGACTCCACGAAAGCTGAGAAA,177,indet,
OTU00135,OTU00135,Eukaryota,Metazoa,Chordata,Craniata,Actinopterygii,Actinopteri,Neopterygii,Teleostei,Euteleosteomorpha,,,Perciformes,Serranoidei,,,Serranidae,Epinephelinae,Epinephelini,Epinephelus,,,,TACCGCGGTTATACGAGAGGCCCAAGTTGACAGGCTCCGGCGTAAAGCGTGGTTAAGGAACAACAAACACTAAAGCCGAACACTTACTAAGCTGTTATACGCTTACGAAAGTAAGAAGCCCATTCACGAAGGTGGCTTTACTATACCTGAGCCCACGAAAGCTAAGACA,169,marine,キジハタ，アオハタ
OTU00136,OTU00136,Eukaryota,Metazoa,Chordata,Craniata,Actinopterygii,Actinopteri,Neopterygii,Teleostei,Euteleosteomorpha,,,Perciformes,Serranoidei,,,Serranidae,Epinephelinae,Epinephelini,Epinephelus,,,,TACCGCGGTTATATGAGAGGCCCAAGTTGACAGGCTCCGGTGTAAAGCGTGGTTAAGGAACAATAGACACTAAAGCCGAACGGTTACTGGGCTGTTTTACGCTTCCGAAAGCAAGAAGAACATCTACGAAGGTGGCTTTACCTTACCTGAACTCACGAAAGCCAAGGCA,169,indet,
OTU00137,OTU00137,,,,,,,,,,,,,,,,,,,,,,,TCGAAACTTCTATTGCGGAGCGCCGGCATTTCATGATGCCCGAGGAGGAGCAGACCTTCGTAGCAGGCAACGTTCAGCTCGTGGGCGAAGCCATCTCGAACCAAGCTGACTTCGAGGTGATCCGGCAAATGCTTATGCATCCCAACGAGGCCACGCTGGAGGA,163,indet,