"","query","superkingdom","kingdom","phylum","subphylum","superclass","class","subclass","infraclass","cohort","subcohort","superorder","order","suborder","infraorder","superfamily","family","subfamily","tribe","genus","subgenus","species","subspecies","seq","seqlen","habitat","jp_name_memo"
"OTU002","OTU00002","Eukaryota","Metazoa","Chordata","Craniata","Actinopterygii","Actinopteri","Neopterygii","Teleostei","Euteleosteomorpha","","","Spariformes","","","","Sparidae","","","Acanthopagrus","","","","CACCGCGGTTATACGGGAGGCCCAAGTTGCTAGGAGTCGGCGTAAAGGGTGGTTAAGAACAAAACTAAAATTAAAGTCGAACATCTTCCGAGCTGTTATACGCATCCGAAGGTAAGAAGCTCAAATGCGAAAGTAGCTTTATATCTTCTGAATCCACGAAAGCTGAGATA","170","indet",""
"OTU005","OTU00005","Eukaryota","Metazoa","Chordata","Craniata","Actinopterygii","Actinopteri","Neopterygii","Teleostei","Euteleosteomorpha","","","Spariformes","","","","Sparidae","","","Acanthopagrus","","","","CACCGCGGTTATACGGTAGGCCCAAGTTGCTAGGAGTCGGCGTAAAGGGTGGTTAAGAACAAAACTAAAATTAAAGTCGAACATCTTCCGAGCTGTTATACGCATCCGAAGGTAAGAAGCTCAAATGCGAAAGTAGCTTTATATCTTCTGAATCCACGAAAGCTGAGATA","170","indet",""
"OTU006","OTU00006","Eukaryota","Metazoa","Chordata","Craniata","Actinopterygii","Actinopteri","Neopterygii","Teleostei","Euteleosteomorpha","","","Perciformes","Scorpaenoidei","","","Sebastidae","Sebastinae","","Sebastes","","","","CACCGCGGCTATACGAGAGACCCAAGTTGATACCATTCGGCGTAAAGAGTGGTTATGGAAAATAAAGACTAAAGCCGCACACCTTCAAAGCTGTTATACGCATCCGAAGGCTAGAAGATCAACCACGAAGGTAGCTTTACAACCCCTGACCCCACGAAAGCTCTGGCA","168","marine","メバル属"
"OTU007","OTU00007","Eukaryota","Metazoa","Chordata","Craniata","Actinopterygii","Actinopteri","Neopterygii","Teleostei","Euteleosteomorpha","","","Blenniiformes","Blennioidei","","","Blenniidae","Salariinae","","Parablennius","","Parablennius yatabei","","CACCGCGGTTATACGAGAGGCCCAAGCTGACAGCCCTTCGGCGTAAAGCGTGGTTAGAATAGAAAGATAAATTAAAGCCGAATGCTCCCTAAGCTGTTATACGCTCTCGAGAGCTAGAAGATCTTTTACGAAAGTAGCTTTATTACATTGAATCCACGAAAGCTAAGATA","170","marine","イソギンポ"
"OTU008","OTU00008","Eukaryota","Metazoa","Chordata","Craniata","Actinopterygii","Actinopteri","Neopterygii","Teleostei","Euteleosteomorpha","","","Perciformes","Scorpaenoidei","","","Sebastidae","Sebastinae","","Sebastiscus","","Sebastiscus marmoratus","","CACCGCGGCTATACGAGAGGCCCAAGTTGATACCATTCGGCGTAAAGAGTGGTTATGGAAAATAAAAACTAAAGCCGCACGCCTTCAAAGCTGTTATACGCATCCGAAGGTTAGAAGATCAATCACGAAGGTAGCTTTACAACCCCTGACCCCACGAAAGCTCTGGCA","168","marine","カサゴ"
"OTU018","OTU00018","Eukaryota","Metazoa","Chordata","Craniata","Actinopterygii","Actinopteri","Neopterygii","Teleostei","Euteleosteomorpha","","","Pleuronectiformes","Pleuronectoidei","","","Soleidae","","","","","","","CACCGCGGTTAAACGAGAAGCTCAAGTTGACAAGCAACGGCACAAAGCGTGGTTAGGGACTAATCTTAAACTAAAGCCAAACCATTTCAGAGCCGTTATACGCATACGAAAACATGAAGCCCAACAACGAAAGTGGCTTTACCCACCCTGAACCCACGAAAGCTAAGAAA","170","indet",""
"OTU020","OTU00020","Eukaryota","Metazoa","Chordata","Craniata","Actinopterygii","Actinopteri","Neopterygii","Teleostei","Otomorpha","Ostariophysi","Cypriniphysae","Cypriniformes","Cyprinoidei","","","Leuciscidae","Pseudaspininae","","Tribolodon","","Tribolodon hakonensis","","CACCGCGGTTAAACGAGAGGCCCCAGTTGACAATACAACGGCGTAAAGGGTGGTTAGGGAGTGCAAAACAATAAAGCCAAATGGCCCCTTGGCCGTCATACGCTTCTAGGTGCCCGAAGCCCAATATACGAAAGTAGCTTTAAAAAGCCCACCTGACGCCACGAAAGCTGAGAAA","175","both","ウグイ"
"OTU023","OTU00023","Eukaryota","Metazoa","Chordata","Craniata","Actinopterygii","Actinopteri","Neopterygii","Teleostei","Otomorpha","Ostariophysi","Cypriniphysae","Cypriniformes","Cyprinoidei","","","Gobionidae","","","Hemibarbus","","","","CACCGCGGTTAAACGAGAGGCCCTAGTTGATATTATTACGGCGTAAAGGGTGGTTAAGGAAAGCACAACAATAAAGCCGAATGGCCCTCTGGCCGTCATACGCTTCCAGGTATCCGAAGTCCAACTCACGAAAGTAGCTTTAATACAGCCCACCTGACCCCACGAAAGCTGAGAAA","176","indet",""
"OTU025","OTU00025","Eukaryota","Metazoa","Chordata","Craniata","Actinopterygii","Actinopteri","Neopterygii","Teleostei","Euteleosteomorpha","","","Labriformes","","","","Labridae","","","Halichoeres","","Halichoeres tenuispinis","","CACCGCGGTTATACGAGAGACCCAAGTCGATGGCCCTCGGCGTAAAGAGTGGTTAGGAGACATCCCAAAACTAAAGGTGAATAACTTCAAAGCTGTTATACGCTCATGAAGTCAAGAAACTCAACTACGAAAGTGACTTTATGGATTCTGAACCCACGAAAGCTATGGCA","170","marine","ホンベラ"
"OTU026","OTU00026","Eukaryota","Metazoa","Chordata","Craniata","Actinopterygii","Actinopteri","Neopterygii","Teleostei","Euteleosteomorpha","","","Perciformes","Platycephaloidei","","","Platycephalidae","","","Inegocia","","Inegocia japonica","","CACCGCGGTTACACGAGAGACCCAAGTTGATTTCCCCCGGCGTAAAGCGTGGTTATGATTAATAACTTACTAAAGTCGAATATTTCCAAAACTGTGATAAGTAATTGGAGATAAGAAGCTCAACTACGAAAGTGACTTTACAACCCTGAAGCCACGAAAGCTAAGACA","168","marine","トカゲゴチ"
"OTU027","OTU00027","Eukaryota","Metazoa","Chordata","Craniata","Actinopterygii","Actinopteri","Neopterygii","Teleostei","Euteleosteomorpha","","","Gobiiformes","Gobioidei","","","Gobiidae","Gobionellinae","","Leucopsarion","","Leucopsarion petersii","","CACCGCGGTTATACGAGAGGCCCAAGTTGATAAACGCCGGCGTAAAACGTGGTTCGTGCACTACGATACTAAAGCTTAACATCTTCAACGCTGTTATACGCATTCGAAGCCAGGAAGCCCTCCAACGAAAGTAGCTTTACATGACACTACTCCACGAAAGCTAGGAAA","168","both","シロウオ"
"OTU028","OTU00028","Eukaryota","Metazoa","Chordata","Craniata","Actinopterygii","Actinopteri","Neopterygii","Teleostei","Euteleosteomorpha","","","Gobiiformes","Gobioidei","","","Gobiidae","Gobiinae","","Eviota","","Eviota abax","","CACCGCGGTTATACGAGGGGCCCAAGTTGATAGGGTTCGGCGTAAAGGGTGGTTAATAGAACATATACTAAAGCCGAACGCCTTCGGAGCTGTTATAAGCTTCTGGAGAAAGGAAGCCCTTCCACGAAAGTGCCTTTAAACACTATGACCCCACGAAAGCTAGGGCA","167","marine","イソハゼ"
"OTU035","OTU00035","Eukaryota","Metazoa","Chordata","Craniata","Actinopterygii","Actinopteri","Neopterygii","Teleostei","Euteleosteomorpha","","Atherinomorphae","Beloniformes","Belonoidei","","","Belonidae","","","","","","","CACCGCGGTTAGACGAGAGGCCTAAGTTGATAAACACCGGCGTAAAGAGTGGTTAGGAAATAACCTAGAACTAAAGCCAAATATTCTCATAGCTGTTATACGCACCCGAGAATAAGAAGCCCCCTTACGAAGGTAGCTTTAATTTATCCGACTCCACGAAAGCTGTGAAA","170","indet",""
"OTU036","OTU00036","Eukaryota","Metazoa","Chordata","Craniata","Actinopterygii","Actinopteri","Neopterygii","Teleostei","Euteleosteomorpha","","","Labriformes","","","","Labridae","","","Semicossyphus","","","","CACCGCGGTTAGACGAGAGGCTCAAGTTGATAAACAATCGGCGTAAAGAGTGGTTATGGAAACTACGAAACTAAAGCCAAATGCCCCCAAGGCTGTTATACGCACCCGGAGGCCAGAAGCCCAACCACGAAAGTGGCTTTATGTTACCTGAATCCACGAAAGCTATGGAA","170","marine","コブダイ"
"OTU038","OTU00038","Eukaryota","Metazoa","Chordata","Craniata","Actinopterygii","Actinopteri","Neopterygii","Teleostei","Euteleosteomorpha","","","Spariformes","","","","Sparidae","","","Acanthopagrus","","","","CACCGCGGTTATACACGAGGCCCAAGTTACTAGGAGTCGGCGTAAAGGGTGGTTAAGAACAAAACTAAAATTAAAGTCGAACATCTTCCGAGCTGTTATACGCATCCGAAGGTAAGAAGCTCAAATGCGAAAGTAGCTTTATATCTTCTGAATCCACGAAAGCTGAGATA","170","indet",""
"OTU041","OTU00041","Eukaryota","Metazoa","Chordata","Craniata","Actinopterygii","Actinopteri","Neopterygii","Teleostei","Euteleosteomorpha","","","Mugiliformes","","","","Mugilidae","","","Mugil","","Mugil cephalus","","CACCGCGGTTATACGAAAGACCCAAGCTGATAGATGCCGGCGTAAAGAGTGGTTAAGTATCTTGATAGAACTAAAGCCGAACGCCCTCAAGACCGTTATACGTTTCCGAAGGTATGAAGCCCAACCACGAAAGTAACTTTAATTATATCCAACAGCACGAAAGCTGTGAAA","171","marine","ボラ"
"OTU042","OTU00042","Eukaryota","Metazoa","Chordata","Craniata","Actinopterygii","Actinopteri","Neopterygii","Teleostei","Euteleosteomorpha","","","Mugiliformes","","","","Mugilidae","","","Mugil","","Mugil cephalus","","CACCGCGGTTATACGAAAGACCCAAGCTGATAGATGCCGGCGTAAAGAGTGGTTAAGTATCTTGATAGAACTAAAGCCGAACGCCCTCAAGACCGTTATACGTTTCCGAAGGTATGAAGCCCAACCACGAAAGTAACTTTAATTATATCCGACTCCACGAAAGCTGTGAAA","171","indet",""
"OTU044","OTU00044","Eukaryota","Metazoa","Chordata","Craniata","Actinopterygii","Actinopteri","Neopterygii","Teleostei","Otomorpha","Ostariophysi","Characiphysae","Siluriformes","Siluroidei","","","Plotosidae","","","Plotosus","","Plotosus japonicus","","CACCGCGGTTATACGAAAGACCCTAGTTGATACTCACGGCGTAAAGGGTGGTTAAGGGTAATACACAATAAAGCCAAAGATCTTCTAAGCCGTTATACGCACCCCGAAAGTCACGAGGCCCAAATACGAAAGTAGCTTTAAAACAAGCCTGACCCCACGAAAGCTAAGAAA","171","marine","ゴンズイ"
"OTU053","OTU00053","Eukaryota","Metazoa","Chordata","Craniata","Actinopterygii","Actinopteri","Neopterygii","Teleostei","Euteleosteomorpha","","","Chaetodontiformes","","","","Leiognathidae","","","Nuchequula","","","","CACCGCGGTTATACGAGAGACCCAAATTGACAGTACCCGGCATAAAGTGTGGTTAAGAAATAAACACAATAAGGCCAAACTCTTTCAAGGCTGTTATACGCAACCGAAAGAAAGAAGATCAACAACGAAAGTGACCTTAGCCCAACCTGAACCCACGAAAGCTAGGAAA","169","marine","ヒイラギ"
"OTU055","OTU00055","Eukaryota","Metazoa","Chordata","Craniata","Actinopterygii","Actinopteri","Neopterygii","Teleostei","Euteleosteomorpha","","","Syngnathiformes","Callionymoidei","","","Callionymidae","","","Callionymus","Callionymus","Callionymus valenciennei","","CACCGCGGTTATACGAGAGACCCAAATTGATTGACAACGGCGTAAAGGGTGGTTAAAATATATTCTACTAGGGCCGAACTAGTCCCTGACTGTTATACGTTACGGAATAAAGAAGAACTTAAACGAAGGTAGCCCTAAAATTTTGAAGCCACGAAAGCTAGGAAA","165","marine","ネズッポ属でネズミゴチであろう"
"OTU056","OTU00056","Eukaryota","Metazoa","Chordata","Craniata","Actinopterygii","Actinopteri","Neopterygii","Teleostei","Euteleosteomorpha","","","Tetraodontiformes","Tetraodontoidei","","Tetradontoidea","Tetraodontidae","","","Takifugu","","","","CACCGCGGTTATACGAGAGACCCAAGTTGTTAGCCAACGGCGTAAAGGGTGGTTAGAACTATAAACAACAAACTGAGACCGAACACCTTCAAGGCTGTTATACGCTTCCGAAGCAACGAAGAACAATAACGAAAGTAGCCTCACTAACTCGAACCCACGAAAGCTAGGGCA","171","marine","トラフグ属で，クサフグかコモンフグ"
"OTU057","OTU00057","Eukaryota","Metazoa","Chordata","Craniata","Actinopterygii","Actinopteri","Neopterygii","Teleostei","Euteleosteomorpha","","","Labriformes","","","","Labridae","","","Parajulis","","Parajulis poecilepterus","","CACCGCGGTTATACGAGAGACCCAAGTCGATGGTCGTCGGCGTAAAGAGTGGTTAAGAGATAAGAAAACTAAAGCCAAACGACTTCAAAGCTGTTATACGCACATGAAAGCACTGAGGCCCTACCACGAAAGTGGCTTTAATTACCTGAACCCACGAAAGCTATGATA","168","marine","キュウセン"
"OTU059","OTU00059","Eukaryota","Metazoa","Chordata","Craniata","Actinopterygii","Actinopteri","Neopterygii","Teleostei","Otomorpha","Clupei","","Clupeiformes","Clupeoidei","","","Clupeidae","Dorosomatinae","","Konosirus","","Konosirus punctatus","","CACCGCGGTTATACGAGAGACCCAAGTTGATAAGCCCGGCGTAAAGAGTGGTTATGGATAACACAAAACTAAAGCTAAAGACCCCCTAGGCTGTTATACGCACCTGGCGGCTCGAGTCACCAACACGAAAGTAGCTTTACCCCCTCCCACCAGAACCCACGACAGCTGGGGCA","173","marine","コノシロ"
"OTU060","OTU00060","Eukaryota","Metazoa","Chordata","Craniata","Actinopterygii","Actinopteri","Neopterygii","Teleostei","Euteleosteomorpha","","","","","","","Siganidae","","","Siganus","","","","CACCGCGGTTATACGAGAGACCCAAGTTGATAGACAGCGGCGTAAAGAGTGGTTAAGAACTAAACCAAAAACTAAAGCCGAACGCTCTCAAAGCTGTTATACGCACTCGAGAGTATGAAGTTCAACTACGAAAGTGGCTTTACCCCCTCTGAACCCACGAAAGCTAGGACA","171","marine","アイゴ"
"OTU061","OTU00061","Eukaryota","Metazoa","Chordata","Craniata","Actinopterygii","Actinopteri","Neopterygii","Teleostei","Euteleosteomorpha","","","Labriformes","","","","Labridae","","","Pseudolabrus","","Pseudolabrus sieboldi","","CACCGCGGTTATACGAGAGACCCAAGTTGATAGCCTTCGGCGTAAAGAGTGGTTAAGATTTTCACCTGACTAAAGCCGAACGACTTCAAAGCTGTTATACGCATATGAATAAATGAAACTCAATTACGAAAGTGGCTTTACCTTTCCTGACTCCACGAAAGCTAAGATA","169","marine","ホシササノハベラ"
"OTU062","OTU00062","Eukaryota","Metazoa","Chordata","Craniata","Actinopterygii","Actinopteri","Neopterygii","Teleostei","Euteleosteomorpha","","","Tetraodontiformes","Tetraodontoidei","","Tetradontoidea","Tetraodontidae","","","Takifugu","","","","CACCGCGGTTATACGAGAGACCCAAGTTGTTAGCCAACGGCGTAAAGGGTGGTTAGAACTATAAACAACAAACTGAGACCGAACACCTTCAAGGCTGTTATACGCTTCCGAAGCAACGAAGAACAATAACGAAAGTAGCCTCACTAACTCGAACTCACGAAAGCTAGAGCA","171","indet",""
"OTU063","OTU00063","Eukaryota","Metazoa","Chordata","Craniata","Actinopterygii","Actinopteri","Neopterygii","Teleostei","Euteleosteomorpha","","","Tetraodontiformes","Tetraodontoidei","","Tetradontoidea","Tetraodontidae","","","Takifugu","","Takifugu alboplumbeus","","CACCGCGGTTATACGAGAGACCCAAGTTGTTAGCCAACGGCGTAAAGGGTGGTTAGAACTATAAACAACAAACTGAGACCGAACACCTTCAAGGCTGTTATACGCTTCCGAAGCAACGAAGAACAATAACGAAAGTAGCCTCACTTACTCGAACCCACGAAAGCTAGGGCA","171","indet",""
"OTU066","OTU00066","Eukaryota","Metazoa","Chordata","Craniata","Actinopterygii","Actinopteri","Neopterygii","Teleostei","Otomorpha","Clupei","","Clupeiformes","Clupeoidei","","","Engraulidae","Engraulinae","","Engraulis","","Engraulis japonicus","","CACCGCGGTTATACGAGAGACCCTAGTTGATTGAAGCGGCGTAAAGAGTGGTTATGGAATTTTCTACCCTAAAGCAGAAAACCTCTCAAACTGTTATACGCACCCAGAGGTTGAAACCCCTTACACGAAAGTGACTTTATTTTCGCCTACCAGAAGCCACGAAAGCTGGGACA","173","marine","カタクチイワシ"
"OTU067","OTU00067","Eukaryota","Metazoa","Chordata","Craniata","Actinopterygii","Actinopteri","Neopterygii","Teleostei","Euteleosteomorpha","","","Gobiiformes","Gobioidei","","","Odontobutidae","","","Odontobutis","","Odontobutis obscura","","CACCGCGGTTATACGAGAGACTCAAGCTGATAGACACCGGCGTAAAGAGTGGTTAAAAAACAGTAAAACTAAAGCTAAACACCTTCAAGGCCGTTATACGCAACCGAAGACAGGAGAAACCCCCACGAAAGTGGCTTTAAAACCATTGAACCCACGAAGATTAGGATA","168","marine","ドンコ"
"OTU068","OTU00068","Eukaryota","Metazoa","Chordata","Craniata","Actinopterygii","Actinopteri","Neopterygii","Teleostei","Euteleosteomorpha","","","Tetraodontiformes","","","Balistoidea","Monacanthidae","","","Rudarius","","Rudarius ercodes","","CACCGCGGTTATACGAGAGACTCAAGCTGTTAGACACCGGCGTAAAGAGTGGTTAAGAGCACAGACAAATTAAAGTCTAATACTCCCTCAGCTGTAAAAAGCAAAAGGGGGCTAGAAGCTCATCAACGAAAGTGACTTTATTAATTCTGAACCCACGTAAGCTAAGGCA","169","marine","アミメハギ"
"OTU069","OTU00069","Eukaryota","Metazoa","Chordata","Craniata","Actinopterygii","Actinopteri","Neopterygii","Teleostei","Euteleosteomorpha","","","Blenniiformes","Blennioidei","","","Blenniidae","Blenniinae","","Omobranchus","","Omobranchus punctatus","","CACCGCGGTTATACGAGAGGCCCAAGCTGACAACCATCGGCGTAAAGCGTGGTTAAATTTTCTAATAAAATAAAGCCGAATGCTTTCTTAACTGTTATACGTACTCGAGAGCCAGAAGCCCCCCTACGAAAGTAGCTTTAATTATATTGAACCCACGAAAGCTAGGATA","169","marine","ナベカであろう"
"OTU070","OTU00070","Eukaryota","Metazoa","Chordata","Craniata","Actinopterygii","Actinopteri","Neopterygii","Teleostei","Euteleosteomorpha","","","Syngnathiformes","Syngnathoidei","","","Syngnathidae","Syngnathinae","","Syngnathus","","Syngnathus schlegeli","","CACCGCGGTTATACGAGAGGCCCAAGCTGACAGAAACCGGCGTAAAGAGTGGTTAGGTGGTATTTAAACTAAAGCCAAACACTTTCCAAGCTGTTATACGCATCCGAGAGTATGAAAATCTCCTACGAAAGTGGCTTTAATATCCTGACTCCACGAAAGTTATGGAA","167","marine","ヨウジウオ"
"OTU071","OTU00071","Eukaryota","Metazoa","Chordata","Craniata","Actinopterygii","Actinopteri","Neopterygii","Teleostei","Euteleosteomorpha","","","Blenniiformes","Blennioidei","","","Blenniidae","Blenniinae","","Omobranchus","","Omobranchus elegans","","CACCGCGGTTATACGAGAGGCCCAAGCTGACAGCCATCGGCGTAAAATGTGGTTAAATTAACTTAAGATAATAAAGTCGAATGCTCTCATAACTGTTATACGTACTCGAAAGCCAGAAGCTCCCCTACGAAAGTGACTTTAGAATTATTGAACCCACGAAAGCTAAGATA","170","indet",""
"OTU072","OTU00072","Eukaryota","Metazoa","Chordata","Craniata","Actinopterygii","Actinopteri","Neopterygii","Teleostei","Euteleosteomorpha","","","Blenniiformes","Blennioidei","","","Blenniidae","Blenniinae","","Omobranchus","","","","CACCGCGGTTATACGAGAGGCCCAAGCTGACAGCCATCGGCGTAAAGCGTGGTTAAAATAATAACAAAATAAAGCCGAATGCTCCCTCAACTGTTATACGTTCTCGAGAGCCAGAAGACCCCTAACGAAAGTAGCTTTAATACTATTGAACCCACGAAAGCTAAGACA","168","indet",""
"OTU073","OTU00073","Eukaryota","Metazoa","Chordata","Craniata","Actinopterygii","Actinopteri","Neopterygii","Teleostei","Euteleosteomorpha","","","Perciformes","Platycephaloidei","","","Platycephalidae","","","Platycephalus","","","","CACCGCGGTTATACGAGAGGCCCAAGCTGATAGACTACGGCGTAAAGAGTGGTTAAGATAAAACATACACTAAAGTCGAACGCCTTCAAAGCTGTTATACGCTTACGAAGCTAGCAGAAGCCCAACTACGAAAGTGACTTTAAACCCCCTGACTCCACGAAAGCTAGGAAA","171","marine","コチ"
"OTU074","OTU00074","Eukaryota","Metazoa","Chordata","Craniata","Actinopterygii","Actinopteri","Neopterygii","Teleostei","Euteleosteomorpha","","","Perciformes","Cottioidei","Zoarcales","","Stichaeidae","Xiphisterinae","","Dictyosoma","","Dictyosoma burgeri","","CACCGCGGTTATACGAGAGGCCCAAGTTGAAAGACATCGGCGTAAAGAGTGGTTAAGTTAGAACTTAAACTAAAGCCGAACGTCCTCAAGGCTGTTATACGCACCCGAAGATGAGAAGTTCAACCACGAAGGTGGCTTTATTTAACCTGAACCCACGAAAGCTATGGCA","169","marine","ダイナンギンポ"
"OTU075","OTU00075","Eukaryota","Metazoa","Chordata","Craniata","Actinopterygii","Actinopteri","Neopterygii","Teleostei","Euteleosteomorpha","","","Perciformes","Cottioidei","Zoarcales","","Zoarcidae","Neozoarcinae","","","","","","CACCGCGGTTATACGAGAGGCCCAAGTTGAAAGACCCCGGCGTAAAGAGTGGTTAAGTTAAAACTTAAACTAAAGTCGAACATCATCACGGCTGTTATACGCACCCGAAGATAAGAAGTTCAACCACGAAGGTGGCTTTATAAGATCTGAACCCACGAAAGCTACGGCG","169","indet",""
"OTU076","OTU00076","Eukaryota","Metazoa","Chordata","Craniata","Actinopterygii","Actinopteri","Neopterygii","Teleostei","Euteleosteomorpha","","","Gobiiformes","Gobioidei","","","Gobiidae","Gobiinae","","Acentrogobius","","Acentrogobius virgatulus","","CACCGCGGTTATACGAGAGGCCCAAGTTGACAAAACTCGGCGTAAAGAGTGGTTAATGGATACTATACTAAAGCCGAACATCCTCAAGACTGTTATACGTGTTCGAGGACAGGAAGACCTCCGACGAAAGTGGCTTTAACAAACATGAACCCACGAAAGCTAGGGAA","167","marine","スジハゼ"
"OTU078","OTU00078","Eukaryota","Metazoa","Chordata","Craniata","Actinopterygii","Actinopteri","Neopterygii","Teleostei","Euteleosteomorpha","","","Gobiiformes","Gobioidei","","","Gobiidae","Gobionellinae","","Rhinogobius","","","","CACCGCGGTTATACGAGAGGCCCAAGTTGACAAACGCCGGCGTAAAATGTGGCTATATACAGTATTACACTAAAGCTAAACATCTTCAAAGCTGTTATACGCACCCGAAGACAGGAGGCCCCTCCACGAAAGTGGCTTTAAACAACATTAGCCCACGAAAGCTAGGAAA","169","both","ヨシノボリ属"
"OTU079","OTU00079","Eukaryota","Metazoa","Chordata","Craniata","Actinopterygii","Actinopteri","Neopterygii","Teleostei","Euteleosteomorpha","","","Gobiiformes","Gobioidei","","","Gobiidae","Gobionellinae","","Pterogobius","","","","CACCGCGGTTATACGAGAGGCCCAAGTTGACAGATGCCGGCGTAAAATGTGGTCAATATACTAATATACTAAAGCCAAACATCTTCAGGGCTGTTATACGCTATCGGAGACAGGAGATTCTTCCACGAAAGTGACTTTAAATAATATTATTCCACGAAAGTCAGGGAA","168","marine","キヌバリ"
"OTU080","OTU00080","Eukaryota","Metazoa","Chordata","Craniata","Actinopterygii","Actinopteri","Neopterygii","Teleostei","Euteleosteomorpha","","","Gobiiformes","Gobioidei","","","Gobiidae","Gobionellinae","","Tridentiger","","","","CACCGCGGTTATACGAGAGGCCCAAGTTGACAAATGCCGGCGTAAAATGTGGTTTATACAGTATTGCACTAAAGCTAAACTTCTTCAAAGCTGTCATACGCACTCGAAGAAAAGAGGACCTTCCACGAAAGTGGCTTTAAATAATATTAACCCACGAAAGCTAGGAAA","168","both","チチブ属は淡水魚を含みアカオビシマハゼは海水魚"
"OTU081","OTU00081","Eukaryota","Metazoa","Chordata","Craniata","Actinopterygii","Actinopteri","Neopterygii","Teleostei","Euteleosteomorpha","","","","","","","Sphyraenidae","","","Sphyraena","","Sphyraena pinguis","","CACCGCGGTTATACGAGAGGCCCAAGTTGACAACCGACGGCGTAAAGCGTGGTTAGGGGAAATATAAACTAAAGCCGAACGCCCCCAATGCTGTCTAATGCTTCGAGGGTATGAAGAACATCGACGAAAGTGGCTTTATGACACCTGAACCCACGAAAGCTGGGAAA","167","marine","アカカマス"
"OTU082","OTU00082","Eukaryota","Metazoa","Chordata","Craniata","Actinopterygii","Actinopteri","Neopterygii","Teleostei","Euteleosteomorpha","","","Gobiiformes","Gobioidei","","","Gobiidae","Gobionellinae","","","","","","CACCGCGGTTATACGAGAGGCCCAAGTTGACAACTACCGGCGTAAAATGTGGCTAATATAGTATTACACTAAAGCTAAACATCTTCAAAGCTGTTATACGCATCCGAAGACAGGATGCCCTTCCACGAAAGTGGCTTTAAACAATATTAACCCACGAAAGCTAGGAAA","168","indet",""
"OTU083","OTU00083","Eukaryota","Metazoa","Chordata","Craniata","Actinopterygii","Actinopteri","Neopterygii","Teleostei","Euteleosteomorpha","","","Perciformes","Cottioidei","Zoarcales","","Stichaeidae","Stichaeinae","","","","","","CACCGCGGTTATACGAGAGGCCCAAGTTGACAGACATCGGCGTAAAGAGTGGTTAAGTTAAAATCTATACTAAAGCCGAACGTCCTCAAGGCTGTTATACGCACCCGAAGATAAGAAGTTCAACCACGAAGGTGGCTTTATTTAATCTGAACCCACGAAAGCTACGGCG","169","indet",""
"OTU087","OTU00087","Eukaryota","Metazoa","Chordata","Craniata","Actinopterygii","Actinopteri","Neopterygii","Teleostei","Euteleosteomorpha","","","Gobiiformes","Gobioidei","","","Gobiidae","","","","","","","CACCGCGGTTATACGAGAGGCCCAAGTTGACTAAAATCGGCGTAAAGAGTGGTTAATGGTCTTTTTACTAGGGCCGAACATCTTCAAGGCTGTCATACGCACCCGAGGACAGGAAGAACCCCCACGAAAGTGGCCCTAACAAGCATGAACCCACGAAAGCTAGGGAA","167","indet",""
"OTU090","OTU00090","Eukaryota","Metazoa","Chordata","Craniata","Actinopterygii","Actinopteri","Neopterygii","Teleostei","Euteleosteomorpha","","","Gobiiformes","Gobioidei","","","Gobiidae","Gobionellinae","","Chaenogobius","","Chaenogobius gulosus","","CACCGCGGTTATACGAGAGGCCCAAGTTGATAAATGCCGGCGTAAAATGTGGTTAATATAATGTTTCACTAAAGCCAAACATCTTCAGAGCTGTCATACCCACATGAAGACAGGAAGCCCTTCTACGAAAGTGGCTTTAAATAGTATTATCCACGAAAGCTAGGATA","167","marine","ドロメ"
"OTU091","OTU00091","Eukaryota","Metazoa","Chordata","Craniata","Actinopterygii","Actinopteri","Neopterygii","Teleostei","Euteleosteomorpha","","","Centrarchiformes","","","Terapontoidei","Girellidae","","","Girella","","Girella punctata","","CACCGCGGTTATACGAGAGGCCCAAGTTGATAAGGTACGGCGTAAAGAGTGGTTAAGATTAGCTAAATACTAAAGCCGAATGCCCTCAAAGCTGTTATACGCCCCCGAAGGTAAGAAGACCAACCACGAAAGTGACTTTACATTACTGAACCCACGAAAGCTAGGTTA","168","marine","メジナ"
"OTU092","OTU00092","Eukaryota","Metazoa","Chordata","Craniata","Actinopterygii","Actinopteri","Neopterygii","Teleostei","Euteleosteomorpha","","","Perciformes","Cottioidei","Hexagrammales","","Hexagrammidae","","","Hexagrammos","","","","CACCGCGGTTATACGAGAGGCCCAAGTTGATAGACACCGGCGTAAAGAGTGGTTAAGTTAAAACCTCACACTAAAGCCAAACATCTTCAAGACTGTTATACGCAACCGAAGACAGGAAGTTCAACCACGAAAGTGGCTTTATTTGATCTGAACCCACGAAAGCTACGGAA","170","marine","クジメ"
"OTU093","OTU00093","Eukaryota","Metazoa","Chordata","Craniata","Actinopterygii","Actinopteri","Neopterygii","Teleostei","Euteleosteomorpha","","","Pempheriformes","","","","Lateolabracidae","","","Lateolabrax","","Lateolabrax japonicus","","CACCGCGGTTATACGAGAGGCCCAAGTTGATAGTCACCGGCGTAAAGGGTGGTTAGGATAAAATTAAAGACTAAAGCCGAACACCTTCAAGGCTGTTATACGCACCCGAAAGTAAGAAGCTCAATCACGAAAGTGGCTTTACTCCTTCCGAATCCACGAAAACTAGGACA","170","marine","スズキ"
"OTU094","OTU00094","Eukaryota","Metazoa","Chordata","Craniata","Actinopterygii","Actinopteri","Neopterygii","Teleostei","Euteleosteomorpha","","","Blenniiformes","Blennioidei","","","Blenniidae","Salariinae","","Entomacrodus","","","","CACCGCGGTTATACGAGAGGCCCAAGTTGATAGACCTTCGGCGTAAAGTGTGGTTAGAACAACAAGGAACTAAAGCCAAACGCTCTCAAAACTGTTATACGCGCTTGAGAGTCAGAAGCCCCACCACGAAAGTGGCTTTACATCATTGAACCCACGAAAGCTAAGACA","168","marine","イソギンポ"
"OTU103","OTU00103","Eukaryota","Metazoa","Chordata","Craniata","Actinopterygii","Actinopteri","Neopterygii","Teleostei","Euteleosteomorpha","","Atherinomorphae","Beloniformes","Belonoidei","","","Hemiramphidae","","","Hyporhamphus","","","","CACCGCGGTTATACGAGAGGCCTAAGTTGATAAGCATCGGCGTAAAGAGTGGTTAGGGGAAAACATAAACTAAAGCCGAACGCCCTCAAGGCTGTGATACGTCTACGAGGGTAAGAAGCTCTTCCACGAAAGTGGCTTTAACCGACCTGACCCCACGAGAGCTGAGGTA","169","marine","サヨリ"
"OTU104","OTU00104","Eukaryota","Metazoa","Chordata","Craniata","Actinopterygii","Actinopteri","Neopterygii","Teleostei","Euteleosteomorpha","","","Carangiformes","","","","Carangidae","","","Trachurus","","","","CACCGCGGTTATACGAGAGGCTCAAGTTGACAGACAACGGCGTAAAGAGTGGTTAAGGAAAACATTCAACTAAAGCGGAACCCCCTCATTGCTGTTATACGCTTCCGAGGGAATGAACCCCAACTACGAAGGTGGCTTTATATTAACCTGAACCCACGAAAGCTAAGAAA","170","marine","マアジ"
"OTU105","OTU00105","Eukaryota","Metazoa","Chordata","Craniata","Actinopterygii","Actinopteri","Neopterygii","Teleostei","Euteleosteomorpha","","","Gobiiformes","Gobioidei","","","Gobiidae","Gobionellinae","","Luciogobius","","","","CACCGCGGTTATACGAGAGGCTCAAGTTGATAAATACCGGCGTAAAATGTGGTTAACATATTTTTATACTAAAGCTAAACATCTTCAAAGCTGTTATACTCACACGAAGACAGGAAAACCTTCTACGAAAGTGGCTTTAAATTAATGCTAACCCACGAAAACTAGGAAA","169","marine","ミミズハゼ"
"OTU106","OTU00106","Eukaryota","Metazoa","Chordata","Craniata","Actinopterygii","Actinopteri","Neopterygii","Teleostei","Euteleosteomorpha","","","Centrarchiformes","","","Terapontoidei","Terapontidae","","","Rhynchopelates","","Rhynchopelates oxyrhynchus","","CACCGCGGTTATACGAGAGGCTCAAGTTGATAGACTACGGCGTAAAGCGTGGTTAAGGAAAACTATAAAACTAAAGCCGAATGCCCTCAGAGCTGTTATACGCTCATGATGGTTAGAAGCCCAATTACGAAAGTAGCTTTACACAACCTGAACCCACGAAAGCTATGGCA","170","marine","シマイサキ"
"OTU108","OTU00108","Eukaryota","Metazoa","Chordata","Craniata","Actinopterygii","Actinopteri","Neopterygii","Teleostei","Otomorpha","Clupei","","Clupeiformes","Clupeoidei","","","Clupeidae","Clupeinae","","Sardinella","","","","CACCGCGGTTATACGAGAGGCTCGAGTTGATAATCTCGGCGTAAAGAGTGGTTATGGAGAAGACTAAACTAAAGCTGAAGACCCCCCAGGCTGTTTAACGCATGCGGGTGTTCGAACCACTTATACGAAAGTAGCTTTAACGCATTCCACCAGAATCCACGACAGCTGGGAAA","173","marine","サッパ？"
"OTU110","OTU00110","Eukaryota","Metazoa","Chordata","Craniata","Actinopterygii","Actinopteri","Neopterygii","Teleostei","Euteleosteomorpha","","","","","","","Embiotocidae","","","Ditrema","","","","CACCGCGGTTATACGAGCGACCCAAGTTGATAGATAACGGCGTAAAGAGTGGTTAAGATACTAACAAACTAAAGCCGAACACCTTCAGAACTGTTATACGTTTTTGAAGATAAGAAGTTCTATTACGAAAGTGGCTTTACTAGCCCTGACCCCACGAAAGCTGTGAAA","168","marine","ウミタナゴ"
"OTU111","OTU00111","Eukaryota","Metazoa","Chordata","Craniata","Actinopterygii","Actinopteri","Neopterygii","Teleostei","Euteleosteomorpha","","","Gobiiformes","Gobioidei","","","Gobiidae","Ptereleotrinae","","Parioglossus","","Parioglossus dotui","","CACCGCGGTTATACGAGCGGCCCGAGTTGACAAACATCGGCGTAAAGGGTGGTTAACGCATAAAAAACTAAGGCCGAACACCTTCACGGCTGTCACACGCATCCGAAGGTAGGAAGAACCCCTACGAAAGTGGCCTTAACCACTTATGAATCCACGAAAGCTAGGAGA","168","marine","サツキハゼ"
"OTU112","OTU00112","Eukaryota","Metazoa","Chordata","Craniata","Actinopterygii","Actinopteri","Neopterygii","Teleostei","Otomorpha","Clupei","","Clupeiformes","Clupeoidei","","","Clupeidae","Clupeinae","","Sardinops","","Sardinops melanostictus","","CACCGCGGTTATACGAGGGACCCTAGTTGATTTAATCGGCGTAAAGAGTGGTTATGGAGAATAAGAAACTAAAGCCGAAGACCTCTTAGGCCGTCATACGTACCTAGAGGCTCGAATAACAAACACGAAAGTAGCTTTACCCCTTCCTGCCAGAACCCACGAGAGCTGGGATA","173","marine","マイワシ"
"OTU115","OTU00115","Eukaryota","Metazoa","Chordata","Craniata","Actinopterygii","Actinopteri","Neopterygii","Teleostei","Euteleosteomorpha","","","Gobiiformes","Gobioidei","","","Gobiidae","Gobionellinae","","Chaenogobius","","Chaenogobius annularis","","CACCGCGGTTATACGAGGGGCCCAAGTTGATAAACGCCGGCGTAAAATGTGGTTAATATAGTATTGCACTAAAGCCAAACATCTTCAAAGGTGTTATACCCATATGAAGACAGGAAGCACTTCCACGAAAGTGGCTTTAAATAATGTTATCCACTAAAGCTAGGAGA","167","marine","アゴハゼ"
"OTU116","OTU00116","Eukaryota","Metazoa","Chordata","Craniata","Actinopterygii","Actinopteri","Neopterygii","Teleostei","Euteleosteomorpha","","","Gobiiformes","Gobioidei","","","Gobiidae","Gobionellinae","","Acanthogobius","","Acanthogobius flavimanus","","CACCGCGGTTATACGAGGGGCCCAAGTTGATAGACACCGGCACAAAATGTGGTAAGTACAAAAAGATACTAAAGCCGAACGCCTTCAAGACTGTTATAAGTTTTCGAAAATAGGAAGCCTACCCACGAAAGTGGCTTTAAGATATATGATCCACGAAAGCTAGGGTA","167","both","マハゼ"
"OTU118","OTU00118","Eukaryota","Metazoa","Chordata","Craniata","Actinopterygii","Actinopteri","Neopterygii","Teleostei","Euteleosteomorpha","","","Osmeriformes","","","","Plecoglossidae","","","Plecoglossus","","Plecoglossus altivelis","","CACCGCGGTTATACGAGTGGCCCAAGTTGAAAGTTACCGGCGTAAAGAGTGGTTAGGGAAACAAAAAACTAAAGCCGAACACCCTCCAGGCCGTTATACGCTTCTGAGGGCACGAAGCTCCACTACGAAAGTGGCTTTAACACACCTGAACCCACGACAACTAAGATA","168","both","アユ"
"OTU119","OTU00119","Eukaryota","Metazoa","Chordata","Craniata","Actinopterygii","Actinopteri","Neopterygii","Teleostei","Euteleosteomorpha","","","","","","","Sillaginidae","","","Sillago","","","","CACCGCGGTTATACGAGTTGGCTCAAGTTGATAGACGCGGCGTAAAGCGTGGTTAGGGGAATAACAACTAAAGTCGAATTGCCTCCTAGCAGTTATACGCTCACGAGGGCTTAGAAGCACAACCACGAAAGTAGCTTTAACAAACCTGACTCCACGAAAGCTAAGGCA","168","marine","シロギス"
"OTU120","OTU00120","Eukaryota","Metazoa","Chordata","Craniata","Actinopterygii","Actinopteri","Neopterygii","Teleostei","Euteleosteomorpha","","","Scombriformes","","","","Scombridae","Scombrinae","Scombrini","Scomber","","","","CACCGCGGTTATACGATAGGCCCAAGTTGACAGACCCCGGCGTAAAGCGTGGTTAGGGAAAACTCAAAACTAAAGCCGAATATCTTCAGGGCAGTTATACGCTTCCGAAGACACGAAGCCCTTCCACGAAAGTGACTTTATTACCCCCGACCCCACGAAAGCTAGGACA","169","marine","マサバ"
"OTU121","OTU00121","Eukaryota","Metazoa","Chordata","Craniata","Actinopterygii","Actinopteri","Neopterygii","Teleostei","Euteleosteomorpha","","","Gobiiformes","Gobioidei","","","Gobiidae","Gobionellinae","","Tridentiger","","","","CACCGCGGTTATACGGGAGACCCAAGTTGACAAACGTCGGCGTAAAACGTGGTTTATTACATTATTACACTAAAGCTAAACCTCTTCAAGACTGTTGTACGTGTTCGAAAGAGAGAGAATCTTCTACGAAAGTGGCTTTAAATACTATGAACCCACGAAAGCTAGGAAA","169","indet",""
"OTU122","OTU00122","Eukaryota","Metazoa","Chordata","Craniata","Actinopterygii","Actinopteri","Neopterygii","Teleostei","Euteleosteomorpha","","","Gobiiformes","Gobioidei","","","Gobiidae","Gobionellinae","","Tridentiger","","Tridentiger trigonocephalus","","CACCGCGGTTATACGGGAGACCCAAGTTGACAAACGTCGGCGTAAAATGTGGTTTATACAGTATTGCACTAAAGCTAAACTTCTTCAAGGCTGTTATACGCATTCGAAAGAAAGAGAATCTTCAACGAAAGTGGCTTTAAACATTATGAACCCACGAAAGCTAGGAAA","168","indet",""
"OTU124","OTU00124","Eukaryota","Metazoa","Chordata","Craniata","Actinopterygii","Actinopteri","Neopterygii","Teleostei","Euteleosteomorpha","","","Spariformes","","","","Sparidae","","","Acanthopagrus","","","","CACCGCGGTTATACGGGAGGCCCAAGTTGCTAGGAGTCGGCGTAAAGGGTGGTTAAGAACAAAACTAAAATTAAAGTCGAACATCTTCCGAGCTGTTATACGCATCCGAAGGTAAGAAGCTCAAATGCGAAAGTAGCTTTATATCTTCTAAAAAGAAAAAAGCTGAAATA","170","indet",""
"OTU125","OTU00125","Eukaryota","Metazoa","Chordata","Craniata","Actinopterygii","Actinopteri","Neopterygii","Teleostei","Euteleosteomorpha","","","Spariformes","","","","Sparidae","","","Acanthopagrus","","","","CACCGCGGTTATACGGGAGGCCCAAGTTGCTAGGAGTCGGCGTAAAGGGTGGTTAAGAACAAAACTAAAATTAAAGTCGAACATCTTCCGAGCTGTTATACGCATCCGAAGGTAAGAAGCTCAAATGCGAAAGTAGCTTTATATCTTCTAAATTTATAAAAATTGAAATA","170","indet",""
"OTU126","OTU00126","Eukaryota","Metazoa","Chordata","Craniata","Actinopterygii","Actinopteri","Neopterygii","Teleostei","Euteleosteomorpha","","","Spariformes","","","","Sparidae","","","","","","","CACCGCGGTTATACGGGAGGCCCAAGTTGTTAAAAATCGGCGTAAAGGGTGGTTAAGAGCAAGCTTAAAATTAAAGCCGAACGCCTTCTAGGCTGTTATACGCATCCGAAGGTAAGAAGCCCAATCACGAAAGTAGCTTTATATTTTCTGACCCCACGAAAGCTAAGATA","170","indet",""
"OTU127","OTU00127","Eukaryota","Metazoa","Chordata","Craniata","Actinopterygii","Actinopteri","Neopterygii","Teleostei","Euteleosteomorpha","","","Spariformes","","","","Sparidae","","","","","","","CACCGCGGTTATACGGGAGGCCCAAGTTGTTAGAAATCGGCGTAAAGGGTGGTTAAGAACAAGCTTGACACTAAAGCCGAACGCCTTCCGGGCTGTTATACGCATCCGAAGGTAAGAAGTTCAATTACGAAAGTAGCTTTATATATTCTGACCCCACGAAAGCTAAGACA","170","indet",""
"OTU128","OTU00128","Eukaryota","Metazoa","Chordata","Craniata","Actinopterygii","Actinopteri","Neopterygii","Teleostei","Euteleosteomorpha","","","Tetraodontiformes","","","Balistoidea","Monacanthidae","","","Stephanolepis","","","","CACCGCGGTTATACGGGGGGCCCAAGCTGATAGACACCGGCGTAAAGCGTGGTTAGGAATATTTAATACAATTAAAGCCGAATGCTTTCAAGGCTGTTATACGCATCCGAAAGCTAGAAGTACAACTACGAAGGTGGCTTTATAACTTCTGAACCCACGAAAGCTAAGAAA","171","marine","カワハギ"
"OTU129","OTU00129","Eukaryota","Metazoa","Chordata","Craniata","Actinopterygii","Actinopteri","Neopterygii","Teleostei","Euteleosteomorpha","","","Gobiiformes","Gobioidei","","","Gobiidae","","","","","","","CGCCGCGGTTATACGAGAGGCCCAAGTTGATAACCGCCGGCGTAAAAGGTGGAACTACGAAGAAGAAAAATAAAGCCGAATGCCCTCAAGACTGTTATAAGTTTTCGAGGAATAGAAGCCTACCAACGAAAGTGGCTTTAAAAACTGTATAATCCACGAAAGCTAGGGAA","170","indet",""
"OTU134","OTU00134","Eukaryota","Metazoa","Chordata","Craniata","Actinopterygii","Actinopteri","Neopterygii","Teleostei","Otomorpha","Ostariophysi","Cypriniphysae","Cypriniformes","Cyprinoidei","","","Acheilognathidae","","","","","","","TACCGCGGTTAAACGAGAGGCCCCAGTTGATAATCCCGCGGCGTAAAGGGTGGTCAAGGGCTGCAACCTAATAAAGCCAAATAGCCCTCCGGCCGTCATACGCTTCCAGGCGCTAGAAGCCCAATTACACGAAGGTAGCTTTAGTGATATTCACCTGACTCCACGAAAGCTGAGAAA","177","indet",""
"OTU135","OTU00135","Eukaryota","Metazoa","Chordata","Craniata","Actinopterygii","Actinopteri","Neopterygii","Teleostei","Euteleosteomorpha","","","Perciformes","Serranoidei","","","Serranidae","Epinephelinae","Epinephelini","Epinephelus","","","","TACCGCGGTTATACGAGAGGCCCAAGTTGACAGGCTCCGGCGTAAAGCGTGGTTAAGGAACAACAAACACTAAAGCCGAACACTTACTAAGCTGTTATACGCTTACGAAAGTAAGAAGCCCATTCACGAAGGTGGCTTTACTATACCTGAGCCCACGAAAGCTAAGACA","169","marine","キジハタ，アオハタ"
"OTU003","OTU00003","Eukaryota","Metazoa","Chordata","Craniata","Actinopterygii","Actinopteri","Neopterygii","Teleostei","Euteleosteomorpha","","","STDseqs","STDseqs","STDseqs","STDseqs","STDseqs","STDseqs","STDseqs","STDseqs","","STD_MiFish08","","CACCGATACGACAGGCCCAAGTTGACTTAGCCCGGCGTAAAGAGTGGTTATTTGAATTAAGATCTAAAGCCGAATTTCGACGCAGCTGTTATACGGGTTCTGGATTCAGAATGCCCGATACGAAAGTAGCTTTACCAGTGCGATTAGAACCCACGAAAGCTAAGAAA","167","std",""
"OTU030","OTU00030","Eukaryota","Metazoa","Chordata","Craniata","Actinopterygii","Actinopteri","Neopterygii","Teleostei","Otomorpha","Ostariophysi","Cypriniphysae","STDseqs","STDseqs","STDseqs","STDseqs","STDseqs","STDseqs","STDseqs","STDseqs","","STD_cyprinus","","CACCGCGGTTAGACGACAGGCCCTAGTTGAGCCACACCCGGCGTAAAGGGTGGTTAGGACGGGCGACGTTTAAAGTCAAAGAAGCTCCATGCCGTTATACGATGGTTAGTTCCGGAACGGCAGGAACGAAAGTAACTTTATAAGTGTATGCCGAACCCACGAAAGCTGAGAAA","173","std",""
"OTU037","OTU00037","Eukaryota","Metazoa","Chordata","Craniata","Actinopterygii","Actinopteri","Neopterygii","Teleostei","Euteleosteomorpha","","","STDseqs","STDseqs","STDseqs","STDseqs","STDseqs","STDseqs","STDseqs","STDseqs","","STD_MiFish02","","CACCGCGGTTATACGACAGGCCCAAGTTGATCTTGAACGGCGTAAAGAGTGGTTAGATTTCCCTACTGCTAAAGCCGAAGCACCGCCGTGCTGTTATACGTGCCTCACAGTGAGAAGGGCGAAAACGAAAGTAGCTTTATTTCCGTCACGCGAACCCACGAAAGCTAAGAAA","172","std",""
"OTU046","OTU00046","Eukaryota","Metazoa","Chordata","Craniata","Actinopterygii","Actinopteri","Neopterygii","Teleostei","Euteleosteomorpha","","","STDseqs","STDseqs","STDseqs","STDseqs","STDseqs","STDseqs","STDseqs","STDseqs","","STD_MiFish09","","CACCGCGGTTATACGACAGGCCCAAGTTGACGTACTACGGCGTAAAGAGTGGTTACGTGTCGCACCTGGTAAAGCCGAAGCCCCTCTAGGCTGTTATACGAGACAGAATCGGCGAAGCTCGCGCACGAAAGTAGCTTTAGCGGAGATATGCGAACCCACGAAAGCTAAGAAA","172","std",""
"OTU047","OTU00047","Eukaryota","Metazoa","Chordata","Craniata","Actinopterygii","Actinopteri","Neopterygii","Teleostei","Euteleosteomorpha","","","STDseqs","STDseqs","STDseqs","STDseqs","STDseqs","STDseqs","STDseqs","STDseqs","","STD_MiFish05","","CACCGCGGTTATACGACAGGCCCAAGTTGACTGGTGTCGGCGTAAAGAGTGGTTAACTAACGATCATTATAAAGCCGAAATTCCCCTAAGCTGTTATACGTCAAATCAAAAAGGAATCGCTGGTACGAAAGTAGCTTTAGTTATGATGCATGAACCCACGAAAGCTAAGAAA","172","std",""
"OTU049","OTU00049","Eukaryota","Metazoa","Chordata","Craniata","Actinopterygii","Actinopteri","Neopterygii","Teleostei","Euteleosteomorpha","","","STDseqs","STDseqs","STDseqs","STDseqs","STDseqs","STDseqs","STDseqs","STDseqs","","STD_MiFish04","","CACCGCGGTTATACGACAGGCCCAAGTTGATATCCCACGGCGTAAAGAGTGGTTAGAACCGGAAACGCGTAAAGCCGAAGAACATCAGTGCTGTTATACGCATTCGATTAGGTGAATTTCAGTAACGAAAGTAGCTTTACCGATCAAATCCGAACCCACGAAAGCTAAGAAA","172","std",""
"OTU058","OTU00058","Eukaryota","Metazoa","Chordata","Craniata","Actinopterygii","Actinopteri","Neopterygii","Teleostei","Euteleosteomorpha","","","STDseqs","STDseqs","STDseqs","STDseqs","STDseqs","STDseqs","STDseqs","STDseqs","","STD_takifugu","","CACCGCGGTTATACGAGAGACCCAAGTTGAATTGAGTCGGCGTAAAGGGTGGTTAACGCGTCTAGCGTCATGATGAGACCGAATGTCCTCCTCGCTGTTATACGTGTAATGATTTCCGAACCTCTTAAACGAAAGTAGCCTCACTAACTCGAACCCACGAAAGCTAGGACA","171","std",""
"OTU065","OTU00065","Eukaryota","Metazoa","Chordata","Craniata","Actinopterygii","Actinopteri","Neopterygii","Teleostei","","","","STDseqs","STDseqs","STDseqs","STDseqs","STDseqs","STDseqs","STDseqs","STDseqs","","STD_Engraulis","","CACCGCGGTTATACGAGAGACCCTAGTTGAGGGTTTCGGCGTAAAGAGTGGTTATGCTGGCGTATCATTTAAAGCAGAATGAGTGCGCCACTGTTATACGGCGCCGATAAATCGAATACCGTTGACGAAAGTGACTTTACAGGGGCCACCTGGAAGCCACGAAAGCTGGGACA","173","std",""
"OTU113","OTU00113","Eukaryota","Metazoa","Chordata","Craniata","Actinopterygii","Actinopteri","Neopterygii","Teleostei","Euteleosteomorpha","","","STDseqs","STDseqs","STDseqs","STDseqs","STDseqs","STDseqs","STDseqs","STDseqs","","STD_lateolabrax","","CACCGCGGTTATACGAGGGGCCCAAGTTGAATATAAACGGCGTAAAGGGTGGTTAAGCCACACCCTACTGGTAAAGCCGAATCTCGCTCACGCTGTTATACGTGAGCCATATCGAGAAAGACTCCAACGAAAGTGGCTTTACCACATTTGAACCTACGAAAGCTGGGGCA","170","std",""
"OTU117","OTU00117","Eukaryota","Metazoa","Chordata","Craniata","Actinopterygii","Actinopteri","","","","","","STDseqs","STDseqs","STDseqs","STDseqs","STDseqs","STDseqs","STDseqs","STDseqs","","STD_Anguilla","","CACCGCGGTTATACGAGGGGCTCAAATTGAGTTGTGGCGGCGTAAAGCGTGATTATTGACCTCATCTCGTAAAGCCAAATTTCCGCGTAGCTGTCATACGAAGTACCGGCTGGGGAAACTCAGGGACGAAAGTGGCTTTAGGTAGGAGGAACCCACGACAGTTGAGAAA","169","std",""
